slug,unitid,method,matched_at,note
AMDA-American-Musical-and-Dramatic-Arts-Academy-Los-Angeles,,unmatched,2026-09-07T12:33:21.863157+00:00,multi-campus collision on unitid 457299; kept slug='Angeles-College'
ATI-College-Whittier,444325,exact,2026-09-07T12:33:21.863157+00:00,
Aaniiih-Nakoda-College,180203,exact,2026-09-07T12:33:21.863157+00:00,
Abilene-Christian-University,222178,exact,2026-09-07T12:33:21.863157+00:00,
Abraham-Baldwin-Agricultural-College,138558,exact,2026-09-07T12:33:21.863157+00:00,
Abraham-Lincoln-University,488031,exact,2026-09-07T12:33:21.863157+00:00,
Academy-College,172866,exact,2026-09-07T12:33:21.863157+00:00,
Academy-of-Art-University,108232,exact,2026-09-07T12:33:21.863157+00:00,
Adams-State-University,126182,exact,2026-09-07T12:33:21.863157+00:00,
Adelphi-University,188429,exact,2026-09-07T12:33:21.863157+00:00,
Adrian-College,168528,exact,2026-09-07T12:33:21.863157+00:00,
AdventHealth-University,133872,exact,2026-09-07T12:33:21.863157+00:00,
Agape-College-of-Business-and-Science,496399,exact,2026-09-07T12:33:21.863157+00:00,
Agnes-Scott-College,138600,exact,2026-09-07T12:33:21.863157+00:00,
Alabama-A-M-University,100654,exact,2026-09-07T12:33:21.863157+00:00,
Alabama-State-University,100724,exact,2026-09-07T12:33:21.863157+00:00,
Alaska-Bible-College,102580,exact,2026-09-07T12:33:21.863157+00:00,
Alaska-Pacific-University,102669,exact,2026-09-07T12:33:21.863157+00:00,
Albany-College-of-Pharmacy-and-Health-Sciences,188526,exact,2026-09-07T12:33:21.863157+00:00,
Albany-State-University,138716,exact,2026-09-07T12:33:21.863157+00:00,
Albertus-Magnus-College,128498,exact,2026-09-07T12:33:21.863157+00:00,
Albion-College,168546,exact,2026-09-07T12:33:21.863157+00:00,
Albright-College,210571,exact,2026-09-07T12:33:21.863157+00:00,
Alcorn-State-University,175342,exact,2026-09-07T12:33:21.863157+00:00,
Alfred-State-College,196006,exact,2026-09-07T12:33:21.863157+00:00,
Alfred-University,188641,exact,2026-09-07T12:33:21.863157+00:00,
Alice-Lloyd-College,156189,exact,2026-09-07T12:33:21.863157+00:00,
Allegheny-College,210669,exact,2026-09-07T12:33:21.863157+00:00,
Allegheny-Wesleyan-College,200873,exact,2026-09-07T12:33:21.863157+00:00,
Allen-College,152798,exact,2026-09-07T12:33:21.863157+00:00,
Allen-University,217624,exact,2026-09-07T12:33:21.863157+00:00,
Alliant-International-University,110468,trigram_city,2026-09-07T12:33:21.863157+00:00,
Alliant-International-University-Phoenix-Phoenix-AZ,,unmatched,2026-09-07T12:33:21.863157+00:00,multi-campus collision on unitid 105428; kept slug='Chamberlain-University-Phoenix'
Alma-College,168591,exact,2026-09-07T12:33:21.863157+00:00,
Alpena-Community-College,168607,exact,2026-09-07T12:33:21.863157+00:00,
Alvernia-University,210775,exact,2026-09-07T12:33:21.863157+00:00,
Alverno-College,238193,exact,2026-09-07T12:33:21.863157+00:00,
Amberton-University,222628,exact,2026-09-07T12:33:21.863157+00:00,
Ambria-College-of-Nursing,457527,exact,2026-09-07T12:33:21.863157+00:00,
America-Evangelical-University,490081,exact,2026-09-07T12:33:21.863157+00:00,
American-Baptist-College,219505,exact,2026-09-07T12:33:21.863157+00:00,
American-Business-Technology-University,,unmatched,2026-09-07T12:33:21.863157+00:00,"no plausible IPEDS candidate in Saint Joseph, MO"
American-College-of-Healthcare-Sciences,443599,exact,2026-09-07T12:33:21.863157+00:00,
American-College-of-the-Building-Arts,485698,exact,2026-09-07T12:33:21.863157+00:00,
American-Institute-of-Alternative-Medicine,441636,exact,2026-09-07T12:33:21.863157+00:00,
American-InterContinental-University-Atlanta,438586,exact,2026-09-07T12:33:21.863157+00:00,
American-InterContinental-University-Houston,445133,exact,2026-09-07T12:33:21.863157+00:00,
American-InterContinental-University-Online,445027,trigram_city,2026-09-07T12:33:21.863157+00:00,
American-International-College,164447,exact,2026-09-07T12:33:21.863157+00:00,
American-Islamic-College,,unmatched,2026-09-07T12:33:21.863157+00:00,plan §4.6: confirmed no Title-IV IPEDS row
American-Medical-Academy,475714,exact,2026-09-07T12:33:21.863157+00:00,
American-Medical-Sciences-Center,461263,exact,2026-09-07T12:33:21.863157+00:00,
American-Musical-and-Dramatic-Academy,188854,exact,2026-09-07T12:33:21.863157+00:00,
American-National-University-Louisville,,unmatched,2026-09-07T12:33:21.863157+00:00,multi-campus collision on unitid 157289; kept slug='University-of-Louisville'
American-National-University-Roanoke-Valley,232797,trigram_city,2026-09-07T12:33:21.863157+00:00,
American-Public-University-System,449339,exact,2026-09-07T12:33:21.863157+00:00,
American-University,131159,exact,2026-09-07T12:33:21.863157+00:00,
American-University-of-Health-Sciences,433004,exact,2026-09-07T12:33:21.863157+00:00,
Amherst-College,164465,exact,2026-09-07T12:33:21.863157+00:00,
Amridge-University,100690,exact,2026-09-07T12:33:21.863157+00:00,
Ana-G-Mendez-University,483595,exact,2026-09-07T12:33:21.863157+00:00,
Anderson-University-Anderson-IN,150066,exact,2026-09-07T12:33:21.863157+00:00,
Anderson-University-Anderson-SC,217633,exact,2026-09-07T12:33:21.863157+00:00,
Andrew-College,138761,exact,2026-09-07T12:33:21.863157+00:00,
Andrews-University,168740,exact,2026-09-07T12:33:21.863157+00:00,
Angeles-College,457299,exact,2026-09-07T12:33:21.863157+00:00,
Angelo-State-University,222831,exact,2026-09-07T12:33:21.863157+00:00,
Anna-Maria-College,164492,exact,2026-09-07T12:33:21.863157+00:00,
Antelope-Valley-College,109350,token_city,2026-09-07T12:33:21.863157+00:00,
Antigua-College-International,496636,exact,2026-09-07T12:33:21.863157+00:00,
Antioch-College,483018,exact,2026-09-07T12:33:21.863157+00:00,
Antioch-University-Los-Angeles,245838,exact,2026-09-07T12:33:21.863157+00:00,
Antioch-University-Santa-Barbara,245847,exact,2026-09-07T12:33:21.863157+00:00,
Antioch-University-Seattle,245883,exact,2026-09-07T12:33:21.863157+00:00,
Appalachian-Bible-College,237136,exact,2026-09-07T12:33:21.863157+00:00,
Appalachian-State-University,197869,exact,2026-09-07T12:33:21.863157+00:00,
Aquinas-College-Grand-Rapids-MI,168786,exact,2026-09-07T12:33:21.863157+00:00,
Aquinas-College-Nashville-TN,,unmatched,2026-09-07T12:33:21.863157+00:00,no Aquinas-named IPEDS row in TN; likely closed
Arapahoe-Community-College,126289,exact,2026-09-07T12:33:21.863157+00:00,
Arcadia-University,211088,exact,2026-09-07T12:33:21.863157+00:00,
Arizona-Christian-University,105899,exact,2026-09-07T12:33:21.863157+00:00,
Arizona-College-Las-Vegas,487375,manual,2026-09-07T12:33:21.863157+00:00,"Arizona College of Nursing-Las Vegas, same chain, exact city"
Arizona-College-of-Nursing-Aurora,499389,exact,2026-09-07T12:33:21.863157+00:00,
Arizona-College-of-Nursing-Cincinnati,499398,exact,2026-09-07T12:33:21.863157+00:00,
Arizona-College-of-Nursing-Cleveland,499404,exact,2026-09-07T12:33:21.863157+00:00,
Arizona-College-of-Nursing-Dallas,494162,exact,2026-09-07T12:33:21.863157+00:00,
Arizona-College-of-Nursing-Falls-Church,498447,exact,2026-09-07T12:33:21.863157+00:00,
Arizona-College-of-Nursing-Fort-Lauderdale,495439,exact,2026-09-07T12:33:21.863157+00:00,
Arizona-College-of-Nursing-Ontario,498456,exact,2026-09-07T12:33:21.863157+00:00,
Arizona-College-of-Nursing-Phoenix,495457,exact,2026-09-07T12:33:21.863157+00:00,
Arizona-College-of-Nursing-Salt-Lake-City,497268,exact,2026-09-07T12:33:21.863157+00:00,
Arizona-College-of-Nursing-Sarasota,499370,exact,2026-09-07T12:33:21.863157+00:00,
Arizona-College-of-Nursing-Southfield,498049,exact,2026-09-07T12:33:21.863157+00:00,
Arizona-College-of-Nursing-Tampa,495420,exact,2026-09-07T12:33:21.863157+00:00,
Arizona-College-of-Nursing-Tucson,495448,exact,2026-09-07T12:33:21.863157+00:00,
Arizona-State-University,104151,trigram_city,2026-09-07T12:33:21.863157+00:00,
Arizona-State-University-Tucson,,unmatched,2026-09-07T12:33:21.863157+00:00,multi-campus collision on unitid 104179; kept slug='University-of-Arizona'
Arizona-State-University-at-the-Downtown-Phoenix-campus,,unmatched,2026-09-07T12:33:21.863157+00:00,multi-campus collision on unitid 104151; kept slug='Arizona-State-University'
Arizona-State-University-at-the-Polytechnic-campus,,unmatched,2026-09-07T12:33:21.863157+00:00,multi-campus collision on unitid 104151; kept slug='Arizona-State-University'
Arizona-State-University-at-the-West-campus,,unmatched,2026-09-07T12:33:21.863157+00:00,multi-campus collision on unitid 104151; kept slug='Arizona-State-University'
Arkansas-Baptist-College,106306,exact,2026-09-07T12:33:21.863157+00:00,
Arkansas-State-University-Jonesboro,106458,trigram_city,2026-09-07T12:33:21.863157+00:00,
Arkansas-Tech-University,106467,exact,2026-09-07T12:33:21.863157+00:00,
Arlington-Baptist-University,222877,exact,2026-09-07T12:33:21.863157+00:00,
Art-Academy-of-Cincinnati,201061,exact,2026-09-07T12:33:21.863157+00:00,
Art-Center-College-of-Design,109651,exact,2026-09-07T12:33:21.863157+00:00,
Asbury-University,156213,exact,2026-09-07T12:33:21.863157+00:00,
Ascent-College,458113,exact,2026-09-07T12:33:21.863157+00:00,
Ashland-University,201104,exact,2026-09-07T12:33:21.863157+00:00,
Ashworth-College,,unmatched,2026-09-07T12:33:21.863157+00:00,not Title-IV/IPEDS accredited (DEAC-only online school)
Aspen-University,454829,exact,2026-09-07T12:33:21.863157+00:00,
Assumption-University,164562,exact,2026-09-07T12:33:21.863157+00:00,
Atenas-College,440651,token_city,2026-09-07T12:33:21.863157+00:00,
Athens-State-University,100812,exact,2026-09-07T12:33:21.863157+00:00,
Atlanta-Metropolitan-State-College,138901,exact,2026-09-07T12:33:21.863157+00:00,
Atlantic-University-College,241216,trigram_city,2026-09-07T12:33:21.863157+00:00,
Atlantis-University,485768,exact,2026-09-07T12:33:21.863157+00:00,
Auburn-University,100858,exact,2026-09-07T12:33:21.863157+00:00,
Auburn-University-at-Montgomery,100830,exact,2026-09-07T12:33:21.863157+00:00,
Augsburg-University,173045,exact,2026-09-07T12:33:21.863157+00:00,
Augusta-University,482149,exact,2026-09-07T12:33:21.863157+00:00,
Augustana-College,143084,exact,2026-09-07T12:33:21.863157+00:00,
Augustana-University,219000,exact,2026-09-07T12:33:21.863157+00:00,
Aultman-College-of-Nursing-and-Health-Sciences,201177,exact,2026-09-07T12:33:21.863157+00:00,
Aurora-University,143118,exact,2026-09-07T12:33:21.863157+00:00,
Austin-College,222983,exact,2026-09-07T12:33:21.863157+00:00,
Austin-Community-College-District,222992,exact,2026-09-07T12:33:21.863157+00:00,
Austin-Peay-State-University,219602,exact,2026-09-07T12:33:21.863157+00:00,
Ave-Maria-University,446048,exact,2026-09-07T12:33:21.863157+00:00,
Averett-University,231420,exact,2026-09-07T12:33:21.863157+00:00,
Avila-University,176628,exact,2026-09-07T12:33:21.863157+00:00,
Azusa-Pacific-University,109785,exact,2026-09-07T12:33:21.863157+00:00,
Babson-College,164580,exact,2026-09-07T12:33:21.863157+00:00,
Bais-Binyomin-Academy,128586,exact,2026-09-07T12:33:21.863157+00:00,
Bais-HaMedrash-and-Mesivta-of-Baltimore,476601,exact,2026-09-07T12:33:21.863157+00:00,
Bais-Medrash-Mayan-Hatorah,490513,exact,2026-09-07T12:33:21.863157+00:00,
Bais-Medrash-Toras-Chesed,449658,exact,2026-09-07T12:33:21.863157+00:00,
Baker-College,168847,exact,2026-09-07T12:33:21.863157+00:00,
Baker-College-Royal-Oak-Campus-Royal-Oak-MI,,unmatched,2026-09-07T12:33:21.863157+00:00,multi-campus collision on unitid 168847; kept slug='Baker-College'
Baker-College-of-Jackson,,unmatched,2026-09-07T12:33:21.863157+00:00,multi-campus collision on unitid 170444; kept slug='Jackson-College'
Baker-College-of-Muskegon,,unmatched,2026-09-07T12:33:21.863157+00:00,multi-campus collision on unitid 168847; kept slug='Baker-College'
Baker-University,154688,exact,2026-09-07T12:33:21.863157+00:00,
Bakersfield-College,109819,exact,2026-09-07T12:33:21.863157+00:00,
Baldwin-Wallace-University,201195,exact,2026-09-07T12:33:21.863157+00:00,
Ball-State-University,150136,exact,2026-09-07T12:33:21.863157+00:00,
Baptist-Bible-College,,unmatched,2026-09-07T12:33:21.863157+00:00,no Baptist Bible-named IPEDS row in Missouri
Baptist-College-of-Florida,132408,token_city,2026-09-07T12:33:21.863157+00:00,
Baptist-Health-Sciences-University,219639,exact,2026-09-07T12:33:21.863157+00:00,
Baptist-Health-System-School-of-Health-Professions,223083,exact,2026-09-07T12:33:21.863157+00:00,
Baptist-Missionary-Association-Theological-Seminary,223117,exact,2026-09-07T12:33:21.863157+00:00,
Baptist-University-of-the-Americas,444398,exact,2026-09-07T12:33:21.863157+00:00,
Barclay-College,155070,exact,2026-09-07T12:33:21.863157+00:00,
Bard-College,189088,exact,2026-09-07T12:33:21.863157+00:00,
Bard-College-at-Simons-Rock,167792,manual,2026-09-07T12:33:21.863157+00:00,"exact name match; CD's Barrytown NY address is stale, real location is Great Barrington"
Barnard-College,189097,exact,2026-09-07T12:33:21.863157+00:00,
Barry-University,132471,exact,2026-09-07T12:33:21.863157+00:00,
Barton-College,197911,exact,2026-09-07T12:33:21.863157+00:00,
Baruch-College-City-University-of-New-York,190512,manual,2026-09-07T12:33:21.863157+00:00,"CUNY Bernard M Baruch College, direct name lookup"
Bastyr-University,235547,exact,2026-09-07T12:33:21.863157+00:00,
Bates-College,160977,exact,2026-09-07T12:33:21.863157+00:00,
Bay-Atlantic-University,,unmatched,2026-09-07T12:33:21.863157+00:00,no plausible IPEDS candidate in Washington DC
Bay-Mills-Community-College,380359,exact,2026-09-07T12:33:21.863157+00:00,
Bay-Path-University,164632,exact,2026-09-07T12:33:21.863157+00:00,
Bayamon-Central-University,,unmatched,2026-09-07T12:33:21.863157+00:00,"nearest candidates (Caribbean University-Bayamon, UPR-Bayamon) are different institutions"
Baylor-University,223232,exact,2026-09-07T12:33:21.863157+00:00,
Be-er-Yaakov-Talmudic-Seminary,476717,exact,2026-09-07T12:33:21.863157+00:00,
Beacon-College,384254,exact,2026-09-07T12:33:21.863157+00:00,
Beal-University,160995,exact,2026-09-07T12:33:21.863157+00:00,
Beckfield-College-Florence-KY,247065,trigram_city,2026-09-07T12:33:21.863157+00:00,
Beis-Medrash-Heichal-Dovid,444413,exact,2026-09-07T12:33:21.863157+00:00,
Belhaven-University-Jackson-MS,175421,exact,2026-09-07T12:33:21.863157+00:00,
Bellarmine-University,156286,exact,2026-09-07T12:33:21.863157+00:00,
Bellevue-University,180814,exact,2026-09-07T12:33:21.863157+00:00,
Bellin-College,238324,exact,2026-09-07T12:33:21.863157+00:00,
Bellingham-Technical-College,234696,exact,2026-09-07T12:33:21.863157+00:00,
Belmont-Abbey-College,197984,exact,2026-09-07T12:33:21.863157+00:00,
Belmont-University,219709,exact,2026-09-07T12:33:21.863157+00:00,
Beloit-College,238333,exact,2026-09-07T12:33:21.863157+00:00,
Bemidji-State-University,173124,exact,2026-09-07T12:33:21.863157+00:00,
Benedict-College,217721,exact,2026-09-07T12:33:21.863157+00:00,
Benedictine-College,154712,exact,2026-09-07T12:33:21.863157+00:00,
Benedictine-University,145619,exact,2026-09-07T12:33:21.863157+00:00,
Benjamin-Franklin-Institute-of-Technology,165884,exact,2026-09-07T12:33:21.863157+00:00,
Bennett-College,197993,exact,2026-09-07T12:33:21.863157+00:00,
Bennington-College,230816,exact,2026-09-07T12:33:21.863157+00:00,
Bentley-University,164739,exact,2026-09-07T12:33:21.863157+00:00,
Berea-College,156295,exact,2026-09-07T12:33:21.863157+00:00,
Bergin-College-of-Canine-Studies,,unmatched,2026-09-07T12:33:21.863157+00:00,"niche canine-studies school, no IPEDS row"
Berkeley-College-New-York-City-Campus,189228,trigram_city,2026-09-07T12:33:21.863157+00:00,
Berkeley-College-Woodland-Park-Campus,183789,trigram_city,2026-09-07T12:33:21.863157+00:00,
Berklee-College-of-Music,164748,exact,2026-09-07T12:33:21.863157+00:00,
Berry-College,139144,exact,2026-09-07T12:33:21.863157+00:00,
Bet-Medrash-Gadol-Ateret-Torah,485999,exact,2026-09-07T12:33:21.863157+00:00,
Beth-Hamedrash-Shaarei-Yosher-Institute,189273,exact,2026-09-07T12:33:21.863157+00:00,
Beth-Medrash-Govoha,183804,exact,2026-09-07T12:33:21.863157+00:00,
Beth-Medrash-Meor-Yitzchok,486196,exact,2026-09-07T12:33:21.863157+00:00,
Beth-Medrash-of-Asbury-Park,488314,exact,2026-09-07T12:33:21.863157+00:00,
Bethany-College-Bethany-WV,237181,exact,2026-09-07T12:33:21.863157+00:00,
Bethany-College-Lindsborg-KS,154721,exact,2026-09-07T12:33:21.863157+00:00,
Bethany-Global-University,486284,exact,2026-09-07T12:33:21.863157+00:00,
Bethany-Lutheran-College,173142,exact,2026-09-07T12:33:21.863157+00:00,
Bethel-College-KS,154749,single_city,2026-09-07T12:33:21.863157+00:00,
Bethel-University-IN,150145,trigram_city,2026-09-07T12:33:21.863157+00:00,
Bethel-University-McKenzie-TN,219718,exact,2026-09-07T12:33:21.863157+00:00,
Bethel-University-St-Paul-MN,173160,exact,2026-09-07T12:33:21.863157+00:00,
Bethesda-University-of-California,110060,token_city,2026-09-07T12:33:21.863157+00:00,
Bethlehem-College-Seminary,,unmatched,2026-09-07T12:33:21.863157+00:00,no plausible IPEDS candidate in Minneapolis
Bethune-Cookman-University,132602,exact,2026-09-07T12:33:21.863157+00:00,
Beulah-Heights-University,139153,exact,2026-09-07T12:33:21.863157+00:00,
Beverly-Hills-Design-Institute,,unmatched,2026-09-07T12:33:21.863157+00:00,no plausible IPEDS candidate
Big-Bend-Community-College,234711,exact,2026-09-07T12:33:21.863157+00:00,
Binghamton-University,196079,exact,2026-09-07T12:33:21.863157+00:00,
Biola-University,110097,exact,2026-09-07T12:33:21.863157+00:00,
Bismarck-State-College,200022,exact,2026-09-07T12:33:21.863157+00:00,
Black-Hills-State-University,219046,exact,2026-09-07T12:33:21.863157+00:00,
Blackburn-College,143288,exact,2026-09-07T12:33:21.863157+00:00,
Blessing-Rieman-College-of-Nursing-Health-Sciences,143297,exact,2026-09-07T12:33:21.863157+00:00,
Bloomfield-College,183822,token_city,2026-09-07T12:33:21.863157+00:00,
Blue-Mountain-College,175430,token_city,2026-09-07T12:33:21.863157+00:00,
Bluefield-State-University,237215,exact,2026-09-07T12:33:21.863157+00:00,
Bluefield-University,231554,exact,2026-09-07T12:33:21.863157+00:00,
Bluffton-University,201371,exact,2026-09-07T12:33:21.863157+00:00,
Bob-Jones-University,217749,exact,2026-09-07T12:33:21.863157+00:00,
Boise-Bible-College,142090,exact,2026-09-07T12:33:21.863157+00:00,
Boise-State-University,142115,exact,2026-09-07T12:33:21.863157+00:00,
Bon-Secours-Memorial-College-of-Nursing,233356,exact,2026-09-07T12:33:21.863157+00:00,
Boricua-College,189413,exact,2026-09-07T12:33:21.863157+00:00,
Boston-Architectural-College,164872,exact,2026-09-07T12:33:21.863157+00:00,
Boston-Baptist-College,164614,exact,2026-09-07T12:33:21.863157+00:00,
Boston-College,164924,exact,2026-09-07T12:33:21.863157+00:00,
Boston-University,164988,exact,2026-09-07T12:33:21.863157+00:00,
Bottega-University,,unmatched,2026-09-07T12:33:21.863157+00:00,no plausible IPEDS candidate; online-only
Bowdoin-College,161004,exact,2026-09-07T12:33:21.863157+00:00,
Bowie-State-University,162007,exact,2026-09-07T12:33:21.863157+00:00,
Bowling-Green-State-University,201441,trigram_city,2026-09-07T12:33:21.863157+00:00,
Bowling-Green-State-University-Firelands,201432,exact,2026-09-07T12:33:21.863157+00:00,
Bradley-University,143358,exact,2026-09-07T12:33:21.863157+00:00,
Brandeis-University,165015,exact,2026-09-07T12:33:21.863157+00:00,
Brazosport-College,223506,exact,2026-09-07T12:33:21.863157+00:00,
Brenau-University,139199,exact,2026-09-07T12:33:21.863157+00:00,
Brescia-University,156356,exact,2026-09-07T12:33:21.863157+00:00,
Brevard-College,198066,exact,2026-09-07T12:33:21.863157+00:00,
Brewton-Parker-College,139205,exact,2026-09-07T12:33:21.863157+00:00,
Briar-Cliff-University,152992,exact,2026-09-07T12:33:21.863157+00:00,
Bridges-Christian-College,497408,exact,2026-09-07T12:33:21.863157+00:00,
Bridgewater-College,231581,exact,2026-09-07T12:33:21.863157+00:00,
Bridgewater-State-University,165024,exact,2026-09-07T12:33:21.863157+00:00,
Brigham-Young-University-Hawaii,230047,exact,2026-09-07T12:33:21.863157+00:00,
Brigham-Young-University-Idaho,142522,exact,2026-09-07T12:33:21.863157+00:00,
Brigham-Young-University-Provo,230038,trigram_city,2026-09-07T12:33:21.863157+00:00,
Brookline-College-Albuquerque-NM,444088,trigram_city,2026-09-07T12:33:21.863157+00:00,
Brookline-College-Phoenix-Campus,104090,trigram_city,2026-09-07T12:33:21.863157+00:00,
Brookline-College-Tucson-AZ,438179,trigram_city,2026-09-07T12:33:21.863157+00:00,
Brooklyn-College-City-University-of-New-York,190549,manual,2026-09-07T12:33:21.863157+00:00,"CUNY Brooklyn College, direct name lookup"
Broward-College,132709,exact,2026-09-07T12:33:21.863157+00:00,
Brown-University,217156,exact,2026-09-07T12:33:21.863157+00:00,
Bryan-College,219790,trigram_city,2026-09-07T12:33:21.863157+00:00,
Bryan-College-of-Health-Sciences,180878,exact,2026-09-07T12:33:21.863157+00:00,
Bryan-University,369516,exact,2026-09-07T12:33:21.863157+00:00,
Bryan-University-Tempe-AZ,110219,trigram_city,2026-09-07T12:33:21.863157+00:00,
Bryant-Stratton-College-Akron-Campus,,unmatched,2026-09-07T12:33:21.863157+00:00,multi-campus collision on unitid 201469; kept slug='Bryant-Stratton-College-Parma-Campus'
Bryant-Stratton-College-Albany-Campus,188517,trigram_city,2026-09-07T12:33:21.863157+00:00,
Bryant-Stratton-College-Amherst-Campus,,unmatched,2026-09-07T12:33:21.863157+00:00,multi-campus collision on unitid 189583; kept slug='Bryant-Stratton-College-Buffalo-Campus'
Bryant-Stratton-College-Buffalo-Campus,189583,trigram_city,2026-09-07T12:33:21.863157+00:00,
Bryant-Stratton-College-Eastlake-Campus,,unmatched,2026-09-07T12:33:21.863157+00:00,multi-campus collision on unitid 201469; kept slug='Bryant-Stratton-College-Parma-Campus'
Bryant-Stratton-College-Greece-Campus,189592,trigram_city,2026-09-07T12:33:21.863157+00:00,
Bryant-Stratton-College-Hampton-Campus,,unmatched,2026-09-07T12:33:21.863157+00:00,multi-campus collision on unitid 232265; kept slug='Hampton-University'
Bryant-Stratton-College-Henrietta-Campus,,unmatched,2026-09-07T12:33:21.863157+00:00,multi-campus collision on unitid 189592; kept slug='Bryant-Stratton-College-Greece-Campus'
Bryant-Stratton-College-Liverpool-Campus,189565,single_city,2026-09-07T12:33:21.863157+00:00,
Bryant-Stratton-College-Online-Orchard-Park-NY,480091,exact,2026-09-07T12:33:21.863157+00:00,
Bryant-Stratton-College-Orchard-Park-Campus,,unmatched,2026-09-07T12:33:21.863157+00:00,multi-campus collision on unitid 480091; kept slug='Bryant-Stratton-College-Online-Orchard-Park-NY'
Bryant-Stratton-College-Parma-Campus,201469,trigram_city,2026-09-07T12:33:21.863157+00:00,
Bryant-Stratton-College-Racine,,unmatched,2026-09-07T12:33:21.863157+00:00,multi-campus collision on unitid 451750; kept slug='Bryant-Stratton-College-Wauwatosa-Campus'
Bryant-Stratton-College-Richmond-Campus,,unmatched,2026-09-07T12:33:21.863157+00:00,multi-campus collision on unitid 231785; kept slug='Bryant-Stratton-College-Virginia-Beach-Campus'
Bryant-Stratton-College-Syracuse-Campus,,unmatched,2026-09-07T12:33:21.863157+00:00,multi-campus collision on unitid 196413; kept slug='Syracuse-University'
Bryant-Stratton-College-Virginia-Beach-Campus,231785,trigram_city,2026-09-07T12:33:21.863157+00:00,
Bryant-Stratton-College-Wauwatosa-Campus,451750,trigram_city,2026-09-07T12:33:21.863157+00:00,
Bryant-University,217165,exact,2026-09-07T12:33:21.863157+00:00,
Bryn-Athyn-College,210492,exact,2026-09-07T12:33:21.863157+00:00,
Bryn-Mawr-College,211273,exact,2026-09-07T12:33:21.863157+00:00,
Bucknell-University,211291,exact,2026-09-07T12:33:21.863157+00:00,
Buena-Vista-University,153001,exact,2026-09-07T12:33:21.863157+00:00,
Buffalo-State-College,196130,manual,2026-09-07T12:33:21.863157+00:00,renamed SUNY Buffalo State University (2023)
Bushnell-University,209409,exact,2026-09-07T12:33:21.863157+00:00,
Butler-University,150163,exact,2026-09-07T12:33:21.863157+00:00,
CBD-College,439367,exact,2026-09-07T12:33:21.863157+00:00,
CHI-Health-School-of-Radiologic-Technology,181145,exact,2026-09-07T12:33:21.863157+00:00,
CUNY-School-of-Labor-and-Urban-Studies,,unmatched,2026-09-07T12:33:21.863157+00:00,no separate IPEDS unitid for this CUNY school
CUNY-School-of-Medicine,,unmatched,2026-09-07T12:33:21.863157+00:00,no separate IPEDS unitid for this CUNY school
CUNY-School-of-Professional-Studies,,unmatched,2026-09-07T12:33:21.863157+00:00,no separate IPEDS unitid for this CUNY school
Cabarrus-College-of-Health-Sciences,198109,exact,2026-09-07T12:33:21.863157+00:00,
Cairn-University,215114,trigram_city,2026-09-07T12:33:21.863157+00:00,
Caldwell-University,183910,exact,2026-09-07T12:33:21.863157+00:00,
California-Baptist-University,110361,exact,2026-09-07T12:33:21.863157+00:00,
California-Career-College,447713,exact,2026-09-07T12:33:21.863157+00:00,
California-Coast-University,,unmatched,2026-09-07T12:33:21.863157+00:00,no plausible IPEDS candidate; online for-profit
California-College-of-the-Arts,110370,exact,2026-09-07T12:33:21.863157+00:00,
California-Institute-of-Arts-Technology-National-City,490285,trigram_city,2026-09-07T12:33:21.863157+00:00,
California-Institute-of-Integral-Studies,110316,exact,2026-09-07T12:33:21.863157+00:00,
California-Institute-of-Technology,110404,exact,2026-09-07T12:33:21.863157+00:00,
California-Institute-of-the-Arts,111081,exact,2026-09-07T12:33:21.863157+00:00,
California-Intercontinental-University,485546,exact,2026-09-07T12:33:21.863157+00:00,
California-Jazz-Conservatory,486488,exact,2026-09-07T12:33:21.863157+00:00,
California-Lutheran-University,110413,exact,2026-09-07T12:33:21.863157+00:00,
California-Miramar-University,480781,exact,2026-09-07T12:33:21.863157+00:00,
California-Northstate-University,,unmatched,2026-09-07T12:33:21.863157+00:00,no IPEDS row found for this name
California-Polytechnic-State-University-San-Luis-Obispo,110422,exact,2026-09-07T12:33:21.863157+00:00,
California-State-Polytechnic-University-Humboldt,115755,exact,2026-09-07T12:33:21.863157+00:00,
California-State-Polytechnic-University-Pomona,110529,exact,2026-09-07T12:33:21.863157+00:00,
California-State-University-Bakersfield,110486,exact,2026-09-07T12:33:21.863157+00:00,
California-State-University-Channel-Islands,441937,exact,2026-09-07T12:33:21.863157+00:00,
California-State-University-Chico,110538,exact,2026-09-07T12:33:21.863157+00:00,
California-State-University-Dominguez-Hills,110547,exact,2026-09-07T12:33:21.863157+00:00,
California-State-University-East-Bay,110574,exact,2026-09-07T12:33:21.863157+00:00,
California-State-University-Fresno,110556,exact,2026-09-07T12:33:21.863157+00:00,
California-State-University-Fullerton,110565,exact,2026-09-07T12:33:21.863157+00:00,
California-State-University-Long-Beach,110583,exact,2026-09-07T12:33:21.863157+00:00,
California-State-University-Los-Angeles,110592,exact,2026-09-07T12:33:21.863157+00:00,
California-State-University-Maritime-Academy,111188,exact,2026-09-07T12:33:21.863157+00:00,
California-State-University-Monterey-Bay,409698,exact,2026-09-07T12:33:21.863157+00:00,
California-State-University-Northridge,110608,exact,2026-09-07T12:33:21.863157+00:00,
California-State-University-Sacramento,110617,exact,2026-09-07T12:33:21.863157+00:00,
California-State-University-San-Bernardino,110510,exact,2026-09-07T12:33:21.863157+00:00,
California-State-University-San-Marcos,366711,exact,2026-09-07T12:33:21.863157+00:00,
California-State-University-Stanislaus,110495,exact,2026-09-07T12:33:21.863157+00:00,
California-University-of-Management-and-Sciences,,unmatched,2026-09-07T12:33:21.863157+00:00,no plausible IPEDS candidate
Calumet-College-of-St-Joseph,150172,trigram_city,2026-09-07T12:33:21.863157+00:00,
Calvary-University,176789,exact,2026-09-07T12:33:21.863157+00:00,
Calvin-University,169080,exact,2026-09-07T12:33:21.863157+00:00,
Calvin-University-Handlon-Campus,,unmatched,2026-09-07T12:33:21.863157+00:00,multi-campus collision on unitid 169080; kept slug='Calvin-University'
Cambridge-College,165167,exact,2026-09-07T12:33:21.863157+00:00,
Cambridge-College-Global,,unmatched,2026-09-07T12:33:21.863157+00:00,multi-campus collision on unitid 165167; kept slug='Cambridge-College'
Cambridge-College-of-Healthcare-Technology,446109,exact_city,2026-09-07T12:33:21.863157+00:00,
Cameron-University,206914,exact,2026-09-07T12:33:21.863157+00:00,
Campbell-University,198136,exact,2026-09-07T12:33:21.863157+00:00,
Campbellsville-University,156365,exact,2026-09-07T12:33:21.863157+00:00,
Canisius-College,189705,token_city,2026-09-07T12:33:21.863157+00:00,
Capella-University,413413,exact,2026-09-07T12:33:21.863157+00:00,
Capital-Health-School-of-Radiologic-Technology,,unmatched,2026-09-07T12:33:21.863157+00:00,"tiny specialized program, no IPEDS row"
Capital-University,201548,exact,2026-09-07T12:33:21.863157+00:00,
Capitol-Technology-University,162061,exact,2026-09-07T12:33:21.863157+00:00,
Career-Networks-Institute,433013,exact,2026-09-07T12:33:21.863157+00:00,
Caribbean-University,241377,trigram_city,2026-09-07T12:33:21.863157+00:00,
Caribbean-University-Carolina,241386,exact,2026-09-07T12:33:21.863157+00:00,
Caribbean-University-Ponce,363907,exact,2026-09-07T12:33:21.863157+00:00,
Caribbean-University-Vega-Baja,363916,exact,2026-09-07T12:33:21.863157+00:00,
Carleton-College,173258,exact,2026-09-07T12:33:21.863157+00:00,
Carlos-Albizu-University-Miami,132842,trigram_city,2026-09-07T12:33:21.863157+00:00,
Carlos-Albizu-University-San-Juan,241331,trigram_city,2026-09-07T12:33:21.863157+00:00,
Carlow-University,211431,exact,2026-09-07T12:33:21.863157+00:00,
Carnegie-Mellon-University,211440,exact,2026-09-07T12:33:21.863157+00:00,
Carolina-Christian-College,199971,exact,2026-09-07T12:33:21.863157+00:00,
Carolina-College-of-Biblical-Studies,461032,exact,2026-09-07T12:33:21.863157+00:00,
Carolina-University,489937,exact,2026-09-07T12:33:21.863157+00:00,
Carroll-College,180106,exact,2026-09-07T12:33:21.863157+00:00,
Carroll-University,238458,exact,2026-09-07T12:33:21.863157+00:00,
Carson-Newman-University,219806,exact,2026-09-07T12:33:21.863157+00:00,
Carthage-College,238476,exact,2026-09-07T12:33:21.863157+00:00,
Carver-College,,unmatched,2026-09-07T12:33:21.863157+00:00,no plausible IPEDS candidate in Atlanta
Casa-Loma-College-Nashville-Nashville-TN,,unmatched,2026-09-07T12:33:21.863157+00:00,no plausible IPEDS candidate
Casa-Loma-College-Van-Nuys,111638,single_city,2026-09-07T12:33:21.863157+00:00,
Cascadia-College,439190,exact,2026-09-07T12:33:21.863157+00:00,
Case-Western-Reserve-University,201645,exact,2026-09-07T12:33:21.863157+00:00,
Catawba-College,198215,exact,2026-09-07T12:33:21.863157+00:00,
Catholic-University-of-America,131283,trigram_city,2026-09-07T12:33:21.863157+00:00,
Cedar-Crest-College,211468,exact,2026-09-07T12:33:21.863157+00:00,
Cedarville-University,201654,exact,2026-09-07T12:33:21.863157+00:00,
Centenary-College-of-Louisiana,158477,exact,2026-09-07T12:33:21.863157+00:00,
Centenary-University,183974,exact,2026-09-07T12:33:21.863157+00:00,
Centra-College-of-Nursing,232618,token_city,2026-09-07T12:33:21.863157+00:00,
Central-Baptist-College,106713,exact,2026-09-07T12:33:21.863157+00:00,
Central-Christian-College-of-Kansas,154855,exact,2026-09-07T12:33:21.863157+00:00,
Central-Christian-College-of-the-Bible,176910,exact,2026-09-07T12:33:21.863157+00:00,
Central-College,153108,exact,2026-09-07T12:33:21.863157+00:00,
Central-Connecticut-State-University,128771,exact,2026-09-07T12:33:21.863157+00:00,
Central-Methodist-University,176947,manual,2026-09-07T12:33:21.863157+00:00,"Central Methodist University-College of Liberal Arts and Sciences, exact city (Fayette)"
Central-Michigan-University,169248,exact,2026-09-07T12:33:21.863157+00:00,
Central-Penn-College,211477,exact,2026-09-07T12:33:21.863157+00:00,
Central-State-University,201690,exact,2026-09-07T12:33:21.863157+00:00,
Central-Washington-University,234827,exact,2026-09-07T12:33:21.863157+00:00,
Central-Wyoming-College,240514,exact,2026-09-07T12:33:21.863157+00:00,
Central-Yeshiva-Beth-Joseph,488004,exact,2026-09-07T12:33:21.863157+00:00,
Central-Yeshiva-Tomchei-Tmimim-Lubavitch,189857,trigram_city,2026-09-07T12:33:21.863157+00:00,
Centralia-College,234845,exact,2026-09-07T12:33:21.863157+00:00,
Centre-College,156408,exact,2026-09-07T12:33:21.863157+00:00,
Centro-de-Estudios-Multidisciplinarios-Humacao,376224,manual,2026-09-07T12:33:21.863157+00:00,"CEM College-Humacao, exact city; same brand (CEM = Centro de Estudios Multidiscipl.)"
Centro-de-Estudios-Multidisciplinarios-San-Juan,241517,manual,2026-09-07T12:33:21.863157+00:00,"CEM College-San Juan, exact city; same brand"
Centura-College-Chesapeake,500290,manual,2026-09-07T12:33:21.863157+00:00,Arizona College of Nursing acquired/rebranded several Centura College campuses
Centura-College-Virginia-Beach,,unmatched,2026-09-07T12:33:21.863157+00:00,shortlist candidate (Bryant & Stratton) is an unrelated brand
Chadron-State-College,180948,exact,2026-09-07T12:33:21.863157+00:00,
Chamberlain-College-of-Nursing-Charlotte,489344,exact,2026-09-07T12:33:21.863157+00:00,
Chamberlain-College-of-Nursing-Irving,,unmatched,2026-09-07T12:33:21.863157+00:00,multi-campus collision on unitid 466930; kept slug='Chamberlain-University-Houston'
Chamberlain-College-of-Nursing-Las-Vegas,486938,exact,2026-09-07T12:33:21.863157+00:00,
Chamberlain-College-of-Nursing-North-Brunswick,486956,exact,2026-09-07T12:33:21.863157+00:00,
Chamberlain-College-of-Nursing-Pearland,,unmatched,2026-09-07T12:33:21.863157+00:00,multi-campus collision on unitid 466930; kept slug='Chamberlain-University-Houston'
Chamberlain-College-of-Nursing-Sacramento,489353,manual,2026-09-07T12:33:21.863157+00:00,"Chamberlain University-California, exact city (Rancho Cordova)"
Chamberlain-College-of-Nursing-Troy,486947,exact,2026-09-07T12:33:21.863157+00:00,
Chamberlain-University-Addison,454227,manual,2026-09-07T12:33:21.863157+00:00,"Chamberlain University-Illinois, exact city"
Chamberlain-University-Atlanta,475732,single_city,2026-09-07T12:33:21.863157+00:00,
Chamberlain-University-Chicago,,unmatched,2026-09-07T12:33:21.863157+00:00,multi-campus collision on unitid 454227; kept slug='Chamberlain-University-Addison'
Chamberlain-University-Cleveland,,unmatched,2026-09-07T12:33:21.863157+00:00,multi-campus collision on unitid 454236; kept slug='Chamberlain-University-Columbus'
Chamberlain-University-Columbus,454236,trigram_city,2026-09-07T12:33:21.863157+00:00,
Chamberlain-University-Houston,466930,trigram_city,2026-09-07T12:33:21.863157+00:00,
Chamberlain-University-Indianapolis,,unmatched,2026-09-07T12:33:21.863157+00:00,multi-campus collision on unitid 151263; kept slug='University-of-Indianapolis'
Chamberlain-University-Jacksonville,,unmatched,2026-09-07T12:33:21.863157+00:00,multi-campus collision on unitid 134945; kept slug='Jacksonville-University'
Chamberlain-University-Louisiana,492759,exact,2026-09-07T12:33:21.863157+00:00,
Chamberlain-University-Miramar,457129,manual,2026-09-07T12:33:21.863157+00:00,Chamberlain University-Florida; multi-campus collapse
Chamberlain-University-Phoenix,105428,token_city,2026-09-07T12:33:21.863157+00:00,
Chamberlain-University-St-Louis,466921,manual,2026-09-07T12:33:21.863157+00:00,"Chamberlain University-Missouri, exact city"
Chamberlain-University-Tinley-Park,,unmatched,2026-09-07T12:33:21.863157+00:00,multi-campus collision on unitid 454227; kept slug='Chamberlain-University-Addison'
Chamberlain-University-Tysons-Corner,460871,manual,2026-09-07T12:33:21.863157+00:00,"Chamberlain University-Virginia, exact city (Vienna)"
Chaminade-University-of-Honolulu,141486,exact,2026-09-07T12:33:21.863157+00:00,
Champion-Christian-College,492069,exact,2026-09-07T12:33:21.863157+00:00,
Champlain-College,230852,exact,2026-09-07T12:33:21.863157+00:00,
Chapman-University,111948,exact,2026-09-07T12:33:21.863157+00:00,
Charles-R-Drew-University-of-Medicine-and-Science,111966,exact,2026-09-07T12:33:21.863157+00:00,
Charleston-Southern-University,217688,exact,2026-09-07T12:33:21.863157+00:00,
Charlotte-Christian-College-and-Theological-Seminary,444778,exact,2026-09-07T12:33:21.863157+00:00,
Charter-College,102845,exact,2026-09-07T12:33:21.863157+00:00,
Charter-College-Vancouver,,unmatched,2026-09-07T12:33:21.863157+00:00,"no plausible IPEDS candidate in Vancouver, WA"
Charter-Oak-State-College,128780,exact,2026-09-07T12:33:21.863157+00:00,
Chatham-University,211556,exact,2026-09-07T12:33:21.863157+00:00,
Chestnut-Hill-College,211583,exact,2026-09-07T12:33:21.863157+00:00,
Cheyney-University-of-Pennsylvania,211608,exact,2026-09-07T12:33:21.863157+00:00,
Chicago-State-University,144005,exact,2026-09-07T12:33:21.863157+00:00,
Chipola-College,133021,exact,2026-09-07T12:33:21.863157+00:00,
Chowan-University,198303,exact,2026-09-07T12:33:21.863157+00:00,
Christ-Mission-College,494630,exact,2026-09-07T12:33:21.863157+00:00,
Christendom-College,,unmatched,2026-09-07T12:33:21.863157+00:00,no plausible IPEDS candidate
Christian-Brothers-University,219833,exact,2026-09-07T12:33:21.863157+00:00,
Christopher-Newport-University,231712,exact,2026-09-07T12:33:21.863157+00:00,
Cincinnati-College-of-Mortuary-Science,201867,exact,2026-09-07T12:33:21.863157+00:00,
Cincinnati-State-Technical-and-Community-College,201928,exact,2026-09-07T12:33:21.863157+00:00,
City-College-of-New-York,190567,manual,2026-09-07T12:33:21.863157+00:00,"CUNY City College, direct name lookup"
City-University-of-Seattle,234915,exact,2026-09-07T12:33:21.863157+00:00,
City-Vision-University,457697,exact,2026-09-07T12:33:21.863157+00:00,
Claflin-University,217873,exact,2026-09-07T12:33:21.863157+00:00,
Claremont-Lincoln-University,488387,exact,2026-09-07T12:33:21.863157+00:00,
Claremont-McKenna-College,112260,exact,2026-09-07T12:33:21.863157+00:00,
Clark-Atlanta-University,138947,exact,2026-09-07T12:33:21.863157+00:00,
Clark-College,234933,exact,2026-09-07T12:33:21.863157+00:00,
Clark-State-Community-College,201973,trigram_city,2026-09-07T12:33:21.863157+00:00,
Clark-University,165334,exact,2026-09-07T12:33:21.863157+00:00,
Clarke-University,153126,exact,2026-09-07T12:33:21.863157+00:00,
Clarkson-College,180832,exact,2026-09-07T12:33:21.863157+00:00,
Clarkson-University,190044,exact,2026-09-07T12:33:21.863157+00:00,
Clayton-State-University,139311,exact,2026-09-07T12:33:21.863157+00:00,
Clear-Creek-Baptist-Bible-College,156417,exact,2026-09-07T12:33:21.863157+00:00,
Cleary-University,169327,exact,2026-09-07T12:33:21.863157+00:00,
Clemson-University,217882,exact,2026-09-07T12:33:21.863157+00:00,
Cleveland-Institute-of-Art,202046,exact,2026-09-07T12:33:21.863157+00:00,
Cleveland-Institute-of-Music,202073,exact,2026-09-07T12:33:21.863157+00:00,
Cleveland-State-University,202134,exact,2026-09-07T12:33:21.863157+00:00,
Cleveland-University-Kansas-City,177038,exact,2026-09-07T12:33:21.863157+00:00,
Clinton-College,217891,exact,2026-09-07T12:33:21.863157+00:00,
Clover-Park-Technical-College,234951,exact,2026-09-07T12:33:21.863157+00:00,
Coastal-Carolina-University,218724,exact,2026-09-07T12:33:21.863157+00:00,
Coe-College,153144,exact,2026-09-07T12:33:21.863157+00:00,
Coker-University,217907,exact,2026-09-07T12:33:21.863157+00:00,
Colby-College,161086,exact,2026-09-07T12:33:21.863157+00:00,
Colby-Sawyer-College,182634,exact,2026-09-07T12:33:21.863157+00:00,
Colgate-University,190099,exact,2026-09-07T12:33:21.863157+00:00,
College-Unbound,493822,exact,2026-09-07T12:33:21.863157+00:00,
College-at-Brockport,196121,token_city,2026-09-07T12:33:21.863157+00:00,
College-at-Old-Westbury,196237,token_city,2026-09-07T12:33:21.863157+00:00,
College-for-Creative-Studies,169442,exact,2026-09-07T12:33:21.863157+00:00,
College-of-Athens,,unmatched,2026-09-07T12:33:21.863157+00:00,"no plausible IPEDS candidate in Watkinsville, GA"
College-of-Biblical-Studies-Houston,388520,exact,2026-09-07T12:33:21.863157+00:00,
College-of-Central-Florida,132851,exact,2026-09-07T12:33:21.863157+00:00,
College-of-Charleston,217819,exact,2026-09-07T12:33:21.863157+00:00,
College-of-Coastal-Georgia,139250,exact,2026-09-07T12:33:21.863157+00:00,
College-of-Idaho,142294,trigram_city,2026-09-07T12:33:21.863157+00:00,
College-of-Menominee-Nation,413617,exact,2026-09-07T12:33:21.863157+00:00,
College-of-Mount-St-Joseph,204200,token_city,2026-09-07T12:33:21.863157+00:00,
College-of-Mount-St-Vincent,193399,manual,2026-09-07T12:33:21.863157+00:00,"renamed University of Mount Saint Vincent (2023), exact city"
College-of-Saint-Benedict,174747,exact,2026-09-07T12:33:21.863157+00:00,
College-of-Saint-Mary,181604,exact,2026-09-07T12:33:21.863157+00:00,
College-of-Southern-Nevada,182005,exact,2026-09-07T12:33:21.863157+00:00,
College-of-St-Scholastica,174899,trigram_city,2026-09-07T12:33:21.863157+00:00,
College-of-Staten-Island-City-University-of-New-York,190558,manual,2026-09-07T12:33:21.863157+00:00,"College of Staten Island CUNY, direct name lookup"
College-of-Technology-ECPI-College-of-Technology-Richmond-Innsbrook-West-End--VA,,unmatched,2026-09-07T12:33:21.863157+00:00,multi-campus collision on unitid 248934; kept slug='ECPI-University-Manassas-VA'
College-of-William-and-Mary,231624,trigram_city,2026-09-07T12:33:21.863157+00:00,
College-of-Wooster,206589,trigram_city,2026-09-07T12:33:21.863157+00:00,
College-of-the-Atlantic,160959,exact,2026-09-07T12:33:21.863157+00:00,
College-of-the-Holy-Cross,166124,exact,2026-09-07T12:33:21.863157+00:00,
College-of-the-Marshall-Islands,376695,exact,2026-09-07T12:33:21.863157+00:00,
College-of-the-Marshall-Islands-Kwajalein-Campus,,unmatched,2026-09-07T12:33:21.863157+00:00,multi-campus collision on unitid 376695; kept slug='College-of-the-Marshall-Islands'
College-of-the-Ozarks,178697,exact,2026-09-07T12:33:21.863157+00:00,
Collin-Higher-Education-Center,247834,manual,2026-09-07T12:33:21.863157+00:00,Collin County Community College District operates this facility
Colorado-Christian-University,126669,exact,2026-09-07T12:33:21.863157+00:00,
Colorado-College,126678,exact,2026-09-07T12:33:21.863157+00:00,
Colorado-Mesa-University,127556,exact,2026-09-07T12:33:21.863157+00:00,
Colorado-Mountain-College-Glenwood-Springs,126711,token_city,2026-09-07T12:33:21.863157+00:00,
Colorado-Mountain-College-Vail-Valley-at-Edwards,,unmatched,2026-09-07T12:33:21.863157+00:00,multi-campus collision on unitid 126711; kept slug='Colorado-Mountain-College-Glenwood-Springs'
Colorado-School-of-Mines,126775,exact,2026-09-07T12:33:21.863157+00:00,
Colorado-State-University,126818,trigram_city,2026-09-07T12:33:21.863157+00:00,
Colorado-State-University-Global-Campus,476975,trigram_city,2026-09-07T12:33:21.863157+00:00,
Colorado-State-University-Pueblo,128106,exact,2026-09-07T12:33:21.863157+00:00,
Colorado-Technical-University,126827,trigram_city,2026-09-07T12:33:21.863157+00:00,
Colorado-Technical-University-Aurora,,unmatched,2026-09-07T12:33:21.863157+00:00,multi-campus collision on unitid 143118; kept slug='Aurora-University'
Colorado-Technical-University-Online,,unmatched,2026-09-07T12:33:21.863157+00:00,multi-campus collision on unitid 126827; kept slug='Colorado-Technical-University'
Columbia-Basin-College,234979,exact,2026-09-07T12:33:21.863157+00:00,
Columbia-Central-University-Caguas,241304,exact,2026-09-07T12:33:21.863157+00:00,
Columbia-College-Chicago,144281,exact,2026-09-07T12:33:21.863157+00:00,
Columbia-College-Denver,,unmatched,2026-09-07T12:33:21.863157+00:00,no strong evidence this is a Columbia College (MO) satellite
Columbia-College-Elgin,,unmatched,2026-09-07T12:33:21.863157+00:00,"ambiguous: could be Columbia College MO or unrelated, no strong signal"
Columbia-College-Fort-Leonard-Wood,,unmatched,2026-09-07T12:33:21.863157+00:00,multi-campus collision on unitid 177065; kept slug='Columbia-College-Missouri'
Columbia-College-Fort-Sill,,unmatched,2026-09-07T12:33:21.863157+00:00,multi-campus collision on unitid 177065; kept slug='Columbia-College-Missouri'
Columbia-College-Fort-Stewart,,unmatched,2026-09-07T12:33:21.863157+00:00,multi-campus collision on unitid 177065; kept slug='Columbia-College-Missouri'
Columbia-College-Fort-Worth,,unmatched,2026-09-07T12:33:21.863157+00:00,not a known military-base site; ambiguous affiliation
Columbia-College-Freeport,,unmatched,2026-09-07T12:33:21.863157+00:00,"ambiguous: could be Columbia College MO or unrelated, no strong signal"
Columbia-College-Hunter-Army-Airfield,,unmatched,2026-09-07T12:33:21.863157+00:00,multi-campus collision on unitid 177065; kept slug='Columbia-College-Missouri'
Columbia-College-Imperial,,unmatched,2026-09-07T12:33:21.863157+00:00,no evidence of Columbia College (any state) affiliation
Columbia-College-Missouri,177065,manual,2026-09-07T12:33:21.863157+00:00,"Columbia College, exact city (Columbia MO)"
Columbia-College-NAS-Jacksonville,,unmatched,2026-09-07T12:33:21.863157+00:00,multi-campus collision on unitid 134945; kept slug='Jacksonville-University'
Columbia-College-Naval-Base-San-Diego,,unmatched,2026-09-07T12:33:21.863157+00:00,multi-campus collision on unitid 122436; kept slug='University-of-San-Diego'
Columbia-College-Naval-Station-Everett-Marysville,,unmatched,2026-09-07T12:33:21.863157+00:00,multi-campus collision on unitid 177065; kept slug='Columbia-College-Missouri'
Columbia-College-Redstone-Arsenal,,unmatched,2026-09-07T12:33:21.863157+00:00,multi-campus collision on unitid 177065; kept slug='Columbia-College-Missouri'
Columbia-College-Saint-Louis,,unmatched,2026-09-07T12:33:21.863157+00:00,multi-campus collision on unitid 179159; kept slug='Saint-Louis-University'
Columbia-College-San-Diego,,unmatched,2026-09-07T12:33:21.863157+00:00,multi-campus collision on unitid 122375; kept slug='San-Diego-Mesa-College'
Columbia-College-South-Carolina,217934,manual,2026-09-07T12:33:21.863157+00:00,"Columbia College, exact city (Columbia SC)"
Columbia-College-Whidbey-Island,,unmatched,2026-09-07T12:33:21.863157+00:00,multi-campus collision on unitid 177065; kept slug='Columbia-College-Missouri'
Columbia-College-Whiteman-AFB,,unmatched,2026-09-07T12:33:21.863157+00:00,multi-campus collision on unitid 177065; kept slug='Columbia-College-Missouri'
Columbia-International-University,217925,exact,2026-09-07T12:33:21.863157+00:00,
Columbia-Southern-University,450933,exact,2026-09-07T12:33:21.863157+00:00,
Columbia-University,190150,exact,2026-09-07T12:33:21.863157+00:00,
Columbia-University-School-of-General-Studies,,unmatched,2026-09-07T12:33:21.863157+00:00,multi-campus collision on unitid 190150; kept slug='Columbia-University'
Columbus-College-of-Art-and-Design,202170,exact,2026-09-07T12:33:21.863157+00:00,
Columbus-State-University,139366,exact,2026-09-07T12:33:21.863157+00:00,
Commonwealth-University-of-Pennsylvania,498562,exact,2026-09-07T12:33:21.863157+00:00,
Conception-Seminary-College,177083,exact,2026-09-07T12:33:21.863157+00:00,
Concord-University,237330,exact,2026-09-07T12:33:21.863157+00:00,
Concordia-College,173300,token_city,2026-09-07T12:33:21.863157+00:00,
Concordia-University-Ann-Arbor,169363,exact,2026-09-07T12:33:21.863157+00:00,
Concordia-University-Chicago,144351,exact,2026-09-07T12:33:21.863157+00:00,
Concordia-University-Irvine,112075,exact,2026-09-07T12:33:21.863157+00:00,
Concordia-University-Nebraska,180984,exact,2026-09-07T12:33:21.863157+00:00,
Concordia-University-St-Paul,173328,manual,2026-09-07T12:33:21.863157+00:00,"punctuation variant of Concordia University-Saint Paul, sim=0.79"
Concordia-University-Texas,224004,exact,2026-09-07T12:33:21.863157+00:00,
Concordia-University-Wisconsin,238616,exact,2026-09-07T12:33:21.863157+00:00,
Congregation-Talmidei-Mesivta-Tiferes-Shmiel-Aleksander,493600,exact,2026-09-07T12:33:21.863157+00:00,
Connecticut-College,128902,exact,2026-09-07T12:33:21.863157+00:00,
Connecticut-State-Community-College,,unmatched,2026-09-07T12:33:21.863157+00:00,the 2023 CT community-college merger has no IPEDS row in this seed
Conservatory-of-Music-of-Puerto-Rico,241766,trigram,2026-09-07T12:33:21.863157+00:00,
Converse-College,217961,token_city,2026-09-07T12:33:21.863157+00:00,
Cooper-Union-for-the-Advancement-of-Science-and-Art,190372,trigram,2026-09-07T12:33:21.863157+00:00,
Coppin-State-University,162283,exact,2026-09-07T12:33:21.863157+00:00,
Corban-University,210331,exact,2026-09-07T12:33:21.863157+00:00,
Cornell-College,153162,exact,2026-09-07T12:33:21.863157+00:00,
Cornell-University,190415,exact,2026-09-07T12:33:21.863157+00:00,
Cornerstone-University,170037,exact,2026-09-07T12:33:21.863157+00:00,
Cornish-College-of-the-Arts,235024,exact,2026-09-07T12:33:21.863157+00:00,
Cottey-College,177117,exact,2026-09-07T12:33:21.863157+00:00,
Covenant-College,139393,exact,2026-09-07T12:33:21.863157+00:00,
Cox-College,176770,exact,2026-09-07T12:33:21.863157+00:00,
Creighton-University,181002,exact,2026-09-07T12:33:21.863157+00:00,
Criswell-College,475608,exact,2026-09-07T12:33:21.863157+00:00,
Crowleys-Ridge-College,106810,exact,2026-09-07T12:33:21.863157+00:00,
Crown-College,174862,exact,2026-09-07T12:33:21.863157+00:00,
Culinary-Institute-of-America,190503,exact,2026-09-07T12:33:21.863157+00:00,
Culinary-Institute-of-Virginia,,unmatched,2026-09-07T12:33:21.863157+00:00,division of ECPI with no own IPEDS row (appendix v)
Culver-Stockton-College,177144,exact,2026-09-07T12:33:21.863157+00:00,
Cumberland-University,219949,exact,2026-09-07T12:33:21.863157+00:00,
Curry-College,165529,exact,2026-09-07T12:33:21.863157+00:00,
Curtis-Institute-of-Music,,unmatched,2026-09-07T12:33:21.863157+00:00,no plausible IPEDS candidate in Philadelphia
Cypress-College,113236,exact,2026-09-07T12:33:21.863157+00:00,
D-Youville-College,190716,token_city,2026-09-07T12:33:21.863157+00:00,
Daemen-University,190725,exact,2026-09-07T12:33:21.863157+00:00,
Dakota-State-University,219082,exact,2026-09-07T12:33:21.863157+00:00,
Dakota-Wesleyan-University,219091,exact,2026-09-07T12:33:21.863157+00:00,
Dallas-Baptist-University,224226,exact,2026-09-07T12:33:21.863157+00:00,
Dallas-Christian-College,224244,exact,2026-09-07T12:33:21.863157+00:00,
Dallas-College-Brookhaven,,unmatched,2026-09-07T12:33:21.863157+00:00,multi-campus collision on unitid 224615; kept slug='Dallas-College-Richland'
Dallas-College-Cedar-Valley,,unmatched,2026-09-07T12:33:21.863157+00:00,multi-campus collision on unitid 224615; kept slug='Dallas-College-Richland'
Dallas-College-Eastfield,,unmatched,2026-09-07T12:33:21.863157+00:00,multi-campus collision on unitid 224615; kept slug='Dallas-College-Richland'
Dallas-College-Richland,224615,trigram_city,2026-09-07T12:33:21.863157+00:00,
Dallas-International-University,,unmatched,2026-09-07T12:33:21.863157+00:00,multi-campus collision on unitid 224615; kept slug='Dallas-College-Richland'
Dalton-State-College,139463,exact,2026-09-07T12:33:21.863157+00:00,
Dartmouth-College,182670,exact,2026-09-07T12:33:21.863157+00:00,
Davenport-University-Grand-Rapids-MI,,unmatched,2026-09-07T12:33:21.863157+00:00,multi-campus collision on unitid 169479; kept slug='Davenport-University-Warren-MI'
Davenport-University-Kalamazoo-MI,,unmatched,2026-09-07T12:33:21.863157+00:00,multi-campus collision on unitid 169479; kept slug='Davenport-University-Warren-MI'
Davenport-University-Lansing-MI,,unmatched,2026-09-07T12:33:21.863157+00:00,multi-campus collision on unitid 169479; kept slug='Davenport-University-Warren-MI'
Davenport-University-Midland-MI,,unmatched,2026-09-07T12:33:21.863157+00:00,multi-campus collision on unitid 169479; kept slug='Davenport-University-Warren-MI'
Davenport-University-Traverse-City-MI,,unmatched,2026-09-07T12:33:21.863157+00:00,multi-campus collision on unitid 169479; kept slug='Davenport-University-Warren-MI'
Davenport-University-Warren-MI,169479,exact,2026-09-07T12:33:21.863157+00:00,
Davenport-University-Wayne-CCCD,,unmatched,2026-09-07T12:33:21.863157+00:00,multi-campus collision on unitid 169479; kept slug='Davenport-University-Warren-MI'
Davidson-College,198385,exact,2026-09-07T12:33:21.863157+00:00,
Davis-College-Pottersville-NY,194569,exact,2026-09-07T12:33:21.863157+00:00,
Davis-and-Elkins-College,237358,exact,2026-09-07T12:33:21.863157+00:00,
Daytona-College,447014,exact,2026-09-07T12:33:21.863157+00:00,
Daytona-State-College,133386,exact,2026-09-07T12:33:21.863157+00:00,
DePaul-University,144740,exact,2026-09-07T12:33:21.863157+00:00,
DePauw-University,150400,exact,2026-09-07T12:33:21.863157+00:00,
DeSales-University,210739,exact,2026-09-07T12:33:21.863157+00:00,
DeVry-University-Atlanta,482468,manual,2026-09-07T12:33:21.863157+00:00,"DeVry University-Georgia, exact city (Decatur)"
DeVry-University-Chicago,,unmatched,2026-09-07T12:33:21.863157+00:00,multi-campus collision on unitid 482477; kept slug='DeVry-University-Online'
DeVry-University-Chicago-Loop-Campus,,unmatched,2026-09-07T12:33:21.863157+00:00,multi-campus collision on unitid 482477; kept slug='DeVry-University-Online'
DeVry-University-Columbus,482574,exact,2026-09-07T12:33:21.863157+00:00,
DeVry-University-Crystal-City,482653,manual,2026-09-07T12:33:21.863157+00:00,"DeVry University-Virginia, exact city (Arlington)"
DeVry-University-Henderson-Campus,482547,manual,2026-09-07T12:33:21.863157+00:00,"DeVry University-Nevada, exact city (Henderson)"
DeVry-University-Irving,482635,manual,2026-09-07T12:33:21.863157+00:00,"DeVry University-Texas, exact city (Irving)"
DeVry-University-Iselin,482556,exact,2026-09-07T12:33:21.863157+00:00,
DeVry-University-Naperville,,unmatched,2026-09-07T12:33:21.863157+00:00,multi-campus collision on unitid 482477; kept slug='DeVry-University-Online'
DeVry-University-New-York,,unmatched,2026-09-07T12:33:21.863157+00:00,multi-campus collision on unitid 193900; kept slug='New-York-University'
DeVry-University-Newark,482431,manual,2026-09-07T12:33:21.863157+00:00,only CA unitid is Ontario; multi-campus collapse (Newark CA campus)
DeVry-University-Online,482477,manual,2026-09-07T12:33:21.863157+00:00,DeVry University-Illinois; the online arm reports from Lisle IL
DeVry-University-Ontario,,unmatched,2026-09-07T12:33:21.863157+00:00,multi-campus collision on unitid 482431; kept slug='DeVry-University-Newark'
DeVry-University-Orlando,482459,exact,2026-09-07T12:33:21.863157+00:00,
DeVry-University-Phoenix,482422,exact,2026-09-07T12:33:21.863157+00:00,
DeVry-University-San-Diego-Campus,,unmatched,2026-09-07T12:33:21.863157+00:00,multi-campus collision on unitid 122436; kept slug='University-of-San-Diego'
DeVry-University-San-Jose,,unmatched,2026-09-07T12:33:21.863157+00:00,multi-campus collision on unitid 122755; kept slug='San-Jose-State-University'
DeVry-University-Sherman-Oaks-Campus,,unmatched,2026-09-07T12:33:21.863157+00:00,multi-campus collision on unitid 482431; kept slug='DeVry-University-Newark'
Dean-College,165574,exact,2026-09-07T12:33:21.863157+00:00,
Defiance-College,202514,exact,2026-09-07T12:33:21.863157+00:00,
Delaware-State-University,130934,exact,2026-09-07T12:33:21.863157+00:00,
Delaware-Technical-Community-College,130907,manual,2026-09-07T12:33:21.863157+00:00,"Delaware Technical Community College-Terry, exact city (Dover)"
Delaware-Technical-Community-College-Owens,,unmatched,2026-09-07T12:33:21.863157+00:00,multi-campus collision on unitid 130907; kept slug='Delaware-Technical-Community-College'
Delaware-Valley-University,211981,exact,2026-09-07T12:33:21.863157+00:00,
Delta-State-University,175616,exact,2026-09-07T12:33:21.863157+00:00,
Denison-University,202523,exact,2026-09-07T12:33:21.863157+00:00,
Denver-College-of-Nursing-Houston,499422,exact,2026-09-07T12:33:21.863157+00:00,
Denver-School-of-Nursing,454856,manual,2026-09-07T12:33:21.863157+00:00,"Denver College of Nursing, name variant"
Design-Institute-of-San-Diego,113582,exact,2026-09-07T12:33:21.863157+00:00,
Dewey-University-Carolina,434900,exact,2026-09-07T12:33:21.863157+00:00,
Dewey-University-Juana-Diaz,449135,trigram_city,2026-09-07T12:33:21.863157+00:00,
Dewey-University-Manati,469416,exact,2026-09-07T12:33:21.863157+00:00,
Dharma-Realm-Buddhist-University,,unmatched,2026-09-07T12:33:21.863157+00:00,"tiny institution, no plausible IPEDS candidate"
Dickinson-College,212009,exact,2026-09-07T12:33:21.863157+00:00,
Dickinson-State-University,200059,exact,2026-09-07T12:33:21.863157+00:00,
DigiPen-Institute-of-Technology,443410,exact,2026-09-07T12:33:21.863157+00:00,
Dillard-University,158802,exact,2026-09-07T12:33:21.863157+00:00,
Dine-College,105297,exact,2026-09-07T12:33:21.863157+00:00,
Divine-Word-College,153241,exact,2026-09-07T12:33:21.863157+00:00,
Doane-University,181020,exact,2026-09-07T12:33:21.863157+00:00,
Dominican-University,148496,exact,2026-09-07T12:33:21.863157+00:00,
Dominican-University-New-York,190761,exact,2026-09-07T12:33:21.863157+00:00,
Dominican-University-of-California,113698,exact,2026-09-07T12:33:21.863157+00:00,
Donnelly-College,155007,exact,2026-09-07T12:33:21.863157+00:00,
Doral-College,,unmatched,2026-09-07T12:33:21.863157+00:00,plan §4.6: confirmed no Title-IV IPEDS row
Dordt-University,153250,exact,2026-09-07T12:33:21.863157+00:00,
Drake-University,153269,exact,2026-09-07T12:33:21.863157+00:00,
Drew-University,184348,exact,2026-09-07T12:33:21.863157+00:00,
Drexel-University,212054,exact,2026-09-07T12:33:21.863157+00:00,
Drury-University,177214,exact,2026-09-07T12:33:21.863157+00:00,
Drury-University-College-of-Continuing-Professional-Studies,492801,exact,2026-09-07T12:33:21.863157+00:00,
Duke-University,198419,exact,2026-09-07T12:33:21.863157+00:00,
Dunlap-Stone-University,,unmatched,2026-09-07T12:33:21.863157+00:00,no plausible IPEDS candidate; online for-profit
Dunwoody-College-of-Technology,175227,exact,2026-09-07T12:33:21.863157+00:00,
Duquesne-University,212106,exact,2026-09-07T12:33:21.863157+00:00,
EC-Council-University,,unmatched,2026-09-07T12:33:21.863157+00:00,no plausible IPEDS candidate; online for-profit
ECPI-University-Charlotte-NC,,unmatched,2026-09-07T12:33:21.863157+00:00,multi-campus collision on unitid 248934; kept slug='ECPI-University-Manassas-VA'
ECPI-University-Columbia-SC,,unmatched,2026-09-07T12:33:21.863157+00:00,multi-campus collision on unitid 248934; kept slug='ECPI-University-Manassas-VA'
ECPI-University-Greensboro-NC,,unmatched,2026-09-07T12:33:21.863157+00:00,multi-campus collision on unitid 248934; kept slug='ECPI-University-Manassas-VA'
ECPI-University-Greenville-SC,,unmatched,2026-09-07T12:33:21.863157+00:00,multi-campus collision on unitid 248934; kept slug='ECPI-University-Manassas-VA'
ECPI-University-Manassas-VA,248934,exact,2026-09-07T12:33:21.863157+00:00,
ECPI-University-Newport-News-VA,,unmatched,2026-09-07T12:33:21.863157+00:00,multi-campus collision on unitid 248934; kept slug='ECPI-University-Manassas-VA'
ECPI-University-North-Charleston-SC,,unmatched,2026-09-07T12:33:21.863157+00:00,multi-campus collision on unitid 248934; kept slug='ECPI-University-Manassas-VA'
ECPI-University-Orlando-Lake-Mary-FL,,unmatched,2026-09-07T12:33:21.863157+00:00,multi-campus collision on unitid 248934; kept slug='ECPI-University-Manassas-VA'
ECPI-University-Raleigh-NC,,unmatched,2026-09-07T12:33:21.863157+00:00,multi-campus collision on unitid 248934; kept slug='ECPI-University-Manassas-VA'
ECPI-University-Roanoke,,unmatched,2026-09-07T12:33:21.863157+00:00,multi-campus collision on unitid 248934; kept slug='ECPI-University-Manassas-VA'
ECPI-University-San-Antonio,227924,token_city,2026-09-07T12:33:21.863157+00:00,
ECPI-University-Virginia-Beach-Health-Sciences,,unmatched,2026-09-07T12:33:21.863157+00:00,multi-campus collision on unitid 248934; kept slug='ECPI-University-Manassas-VA'
ECPI-University-Virginia-Beach-VA,,unmatched,2026-09-07T12:33:21.863157+00:00,multi-campus collision on unitid 248934; kept slug='ECPI-University-Manassas-VA'
EDP-University-of-Puerto-Rico-Hato-Rey-PR,243832,trigram_city,2026-09-07T12:33:21.863157+00:00,
EDP-University-of-Puerto-Rico-Humacao,494278,exact,2026-09-07T12:33:21.863157+00:00,
EDP-University-of-Puerto-Rico-Manati,494287,exact,2026-09-07T12:33:21.863157+00:00,
EDP-University-of-Puerto-Rico-San-Sebastian-PR,241836,trigram_city,2026-09-07T12:33:21.863157+00:00,
EDP-University-of-Puerto-Rico-Villalba,492476,exact,2026-09-07T12:33:21.863157+00:00,
Eagle-Gate-College-Boise-Campus,496326,exact,2026-09-07T12:33:21.863157+00:00,
Eagle-Gate-College-Layton,447421,exact,2026-09-07T12:33:21.863157+00:00,
Eagle-Gate-College-Murray,230366,exact,2026-09-07T12:33:21.863157+00:00,
Earlham-College,150455,exact,2026-09-07T12:33:21.863157+00:00,
East-Carolina-University,198464,exact,2026-09-07T12:33:21.863157+00:00,
East-Central-University,207041,exact,2026-09-07T12:33:21.863157+00:00,
East-Georgia-State-College,139621,exact,2026-09-07T12:33:21.863157+00:00,
East-Georgia-State-College-Augusta,,unmatched,2026-09-07T12:33:21.863157+00:00,multi-campus collision on unitid 482149; kept slug='Augusta-University'
East-Georgia-State-College-Statesboro,,unmatched,2026-09-07T12:33:21.863157+00:00,multi-campus collision on unitid 139621; kept slug='East-Georgia-State-College'
East-Stroudsburg-University-of-Pennsylvania,212115,exact,2026-09-07T12:33:21.863157+00:00,
East-Tennessee-State-University,220075,exact,2026-09-07T12:33:21.863157+00:00,
East-Texas-Baptist-University,224527,exact,2026-09-07T12:33:21.863157+00:00,
East-West-University,144883,exact,2026-09-07T12:33:21.863157+00:00,
Eastern-Connecticut-State-University,129215,exact,2026-09-07T12:33:21.863157+00:00,
Eastern-Florida-State-College,132693,exact,2026-09-07T12:33:21.863157+00:00,
Eastern-Illinois-University,144892,exact,2026-09-07T12:33:21.863157+00:00,
Eastern-International-College-Jersey-City,421878,exact,2026-09-07T12:33:21.863157+00:00,
Eastern-Kentucky-University,156620,exact,2026-09-07T12:33:21.863157+00:00,
Eastern-Mennonite-University,232043,exact,2026-09-07T12:33:21.863157+00:00,
Eastern-Michigan-University,169798,exact,2026-09-07T12:33:21.863157+00:00,
Eastern-New-Mexico-University-Portales,187648,trigram_city,2026-09-07T12:33:21.863157+00:00,
Eastern-Oregon-University,208646,exact,2026-09-07T12:33:21.863157+00:00,
Eastern-University,212133,exact,2026-09-07T12:33:21.863157+00:00,
Eastern-Washington-University,235097,exact,2026-09-07T12:33:21.863157+00:00,
Eastwick-College-Ramsey,184959,exact,2026-09-07T12:33:21.863157+00:00,
Ecclesia-College,446233,exact,2026-09-07T12:33:21.863157+00:00,
Eckerd-College,133492,exact,2026-09-07T12:33:21.863157+00:00,
Edgewood-College,238661,exact,2026-09-07T12:33:21.863157+00:00,
Edmonds-Community-College,235103,trigram_city,2026-09-07T12:33:21.863157+00:00,
Edward-Waters-College,133526,token_city,2026-09-07T12:33:21.863157+00:00,
Elim-Bible-Institute-and-College,488305,exact,2026-09-07T12:33:21.863157+00:00,
Elizabeth-City-State-University,198507,exact,2026-09-07T12:33:21.863157+00:00,
Elizabethtown-College,212197,exact,2026-09-07T12:33:21.863157+00:00,
Elmhurst-University,144962,exact,2026-09-07T12:33:21.863157+00:00,
Elmira-College,190983,exact,2026-09-07T12:33:21.863157+00:00,
Elms-College,167394,exact,2026-09-07T12:33:21.863157+00:00,
Elon-University,198516,exact,2026-09-07T12:33:21.863157+00:00,
Embry-Riddle-Aeronautical-University-Daytona-Beach,133553,exact,2026-09-07T12:33:21.863157+00:00,
Embry-Riddle-Aeronautical-University-Prescott,104586,exact,2026-09-07T12:33:21.863157+00:00,
Embry-Riddle-Aeronautical-University-Worldwide,426314,exact,2026-09-07T12:33:21.863157+00:00,
Emerson-College,165662,exact,2026-09-07T12:33:21.863157+00:00,
Emmanuel-College-Boston,165671,trigram_city,2026-09-07T12:33:21.863157+00:00,
Emmanuel-University,139630,exact,2026-09-07T12:33:21.863157+00:00,
Emmaus-Bible-College,153302,exact,2026-09-07T12:33:21.863157+00:00,
Emory-Henry-College,232025,token_city,2026-09-07T12:33:21.863157+00:00,
Emory-University,139658,exact,2026-09-07T12:33:21.863157+00:00,
Empire-College,,unmatched,2026-09-07T12:33:21.863157+00:00,"no plausible IPEDS candidate in Santa Rosa, CA"
Empire-State-College,196264,token_city,2026-09-07T12:33:21.863157+00:00,
Emporia-State-University,155025,exact,2026-09-07T12:33:21.863157+00:00,
Endicott-College,165699,exact,2026-09-07T12:33:21.863157+00:00,
Ensign-College,230418,exact,2026-09-07T12:33:21.863157+00:00,
Epic-Bible-College,124487,token_city,2026-09-07T12:33:21.863157+00:00,
Erskine-College,217998,exact,2026-09-07T12:33:21.863157+00:00,
Escuela-de-Artes-Plasticas-de-Puerto-Rico,241951,trigram_city,2026-09-07T12:33:21.863157+00:00,
Eugene-Lang-College-The-New-School-for-Liberal-Arts,,unmatched,2026-09-07T12:33:21.863157+00:00,multi-campus collision on unitid 193654; kept slug='The-New-School'
Eureka-College,144971,exact,2026-09-07T12:33:21.863157+00:00,
Evangel-University,177339,exact,2026-09-07T12:33:21.863157+00:00,
Evangel-University-James-River-Assembly-of-God-Church,,unmatched,2026-09-07T12:33:21.863157+00:00,multi-campus collision on unitid 177339; kept slug='Evangel-University'
Everglades-University,385619,exact,2026-09-07T12:33:21.863157+00:00,
Everglades-University-Boca-Raton,,unmatched,2026-09-07T12:33:21.863157+00:00,multi-campus collision on unitid 385619; kept slug='Everglades-University'
Everglades-University-Miami,,unmatched,2026-09-07T12:33:21.863157+00:00,multi-campus collision on unitid 385619; kept slug='Everglades-University'
Everglades-University-Orlando,,unmatched,2026-09-07T12:33:21.863157+00:00,multi-campus collision on unitid 385619; kept slug='Everglades-University'
Everglades-University-Tampa,137847,token_city,2026-09-07T12:33:21.863157+00:00,
Evergreen-State-College,235167,trigram_city,2026-09-07T12:33:21.863157+00:00,
Excelsior-College,196680,token_city,2026-09-07T12:33:21.863157+00:00,
Fairfield-University,129242,exact,2026-09-07T12:33:21.863157+00:00,
Fairleigh-Dickinson-University,184603,trigram_city,2026-09-07T12:33:21.863157+00:00,
Fairleigh-Dickinson-University-College-at-Florham,184694,trigram_city,2026-09-07T12:33:21.863157+00:00,
Fairmont-State-University,237367,exact,2026-09-07T12:33:21.863157+00:00,
Faith-Baptist-Bible-College-and-Theological-Seminary,153320,exact,2026-09-07T12:33:21.863157+00:00,
Faith-International-University,443049,exact,2026-09-07T12:33:21.863157+00:00,
Family-of-Faith-College,443058,exact,2026-09-07T12:33:21.863157+00:00,
Farmingdale-State-College,196042,exact,2026-09-07T12:33:21.863157+00:00,
Fashion-Institute-of-Design-and-Merchandising-Los-Angeles,114354,trigram_city,2026-09-07T12:33:21.863157+00:00,
Fashion-Institute-of-Technology,191126,exact,2026-09-07T12:33:21.863157+00:00,
Faulkner-University,101189,exact,2026-09-07T12:33:21.863157+00:00,
Fayetteville-State-University,198543,exact,2026-09-07T12:33:21.863157+00:00,
Feather-River-College,114433,exact,2026-09-07T12:33:21.863157+00:00,
Felbry-College-School-of-Nursing,487861,token_city,2026-09-07T12:33:21.863157+00:00,
Felician-University,184612,exact,2026-09-07T12:33:21.863157+00:00,
Ferris-State-University,169910,exact,2026-09-07T12:33:21.863157+00:00,
Ferrum-College,232089,exact,2026-09-07T12:33:21.863157+00:00,
Fisher-College,165802,exact,2026-09-07T12:33:21.863157+00:00,
Fisk-University,220181,exact,2026-09-07T12:33:21.863157+00:00,
Fitchburg-State-University,165820,exact,2026-09-07T12:33:21.863157+00:00,
Five-Towns-College,191205,exact,2026-09-07T12:33:21.863157+00:00,
Flagler-College,133711,exact,2026-09-07T12:33:21.863157+00:00,
Florida-Academy-of-Nursing,496681,exact,2026-09-07T12:33:21.863157+00:00,
Florida-Agricultural-and-Mechanical-University,133650,exact,2026-09-07T12:33:21.863157+00:00,
Florida-Atlantic-University,133669,exact,2026-09-07T12:33:21.863157+00:00,
Florida-College,133809,exact,2026-09-07T12:33:21.863157+00:00,
Florida-Gateway-College,135160,exact,2026-09-07T12:33:21.863157+00:00,
Florida-Gulf-Coast-University,433660,exact,2026-09-07T12:33:21.863157+00:00,
Florida-Institute-of-Technology,133881,exact,2026-09-07T12:33:21.863157+00:00,
Florida-International-University,133951,exact,2026-09-07T12:33:21.863157+00:00,
Florida-Memorial-University,133979,exact,2026-09-07T12:33:21.863157+00:00,
Florida-National-University,408844,trigram_city,2026-09-07T12:33:21.863157+00:00,
Florida-National-University-South-Campus,,unmatched,2026-09-07T12:33:21.863157+00:00,multi-campus collision on unitid 408844; kept slug='Florida-National-University'
Florida-Polytechnic-University,482936,exact,2026-09-07T12:33:21.863157+00:00,
Florida-Southern-College,134079,exact,2026-09-07T12:33:21.863157+00:00,
Florida-State-College-at-Jacksonville,133702,exact,2026-09-07T12:33:21.863157+00:00,
Florida-State-University,134097,exact,2026-09-07T12:33:21.863157+00:00,
Florida-State-University-Panama-City,,unmatched,2026-09-07T12:33:21.863157+00:00,multi-campus collision on unitid 134097; kept slug='Florida-State-University'
Florida-Technical-College,,unmatched,2026-09-07T12:33:21.863157+00:00,"shortlist candidate (Florida College) is a different, unrelated school"
Foothill-College,114716,exact,2026-09-07T12:33:21.863157+00:00,
Fordham-University,191241,exact,2026-09-07T12:33:21.863157+00:00,
Fort-Hays-State-University,155061,exact,2026-09-07T12:33:21.863157+00:00,
Fort-Lewis-College,127185,exact,2026-09-07T12:33:21.863157+00:00,
Fort-Valley-State-University,139719,exact,2026-09-07T12:33:21.863157+00:00,
Framingham-State-University,165866,exact,2026-09-07T12:33:21.863157+00:00,
Francis-Marion-University,218061,exact,2026-09-07T12:33:21.863157+00:00,
Franciscan-Missionaries-of-Our-Lady-University,160074,exact,2026-09-07T12:33:21.863157+00:00,
Franciscan-University-of-Steubenville,205957,exact,2026-09-07T12:33:21.863157+00:00,
Franklin-College,150604,exact,2026-09-07T12:33:21.863157+00:00,
Franklin-Marshall-College,212577,exact,2026-09-07T12:33:21.863157+00:00,
Franklin-Pierce-University,182795,exact,2026-09-07T12:33:21.863157+00:00,
Franklin-University,202806,exact,2026-09-07T12:33:21.863157+00:00,
Freed-Hardeman-University,220215,exact,2026-09-07T12:33:21.863157+00:00,
Fremont-College,372073,token_city,2026-09-07T12:33:21.863157+00:00,
Fresno-Pacific-University,114813,exact,2026-09-07T12:33:21.863157+00:00,
Friends-University,155089,exact,2026-09-07T12:33:21.863157+00:00,
Front-Range-Community-College,127200,exact,2026-09-07T12:33:21.863157+00:00,
Frostburg-State-University,162584,exact,2026-09-07T12:33:21.863157+00:00,
Full-Sail-University,134237,exact,2026-09-07T12:33:21.863157+00:00,
Furman-University,218070,exact,2026-09-07T12:33:21.863157+00:00,
Galen-College-of-Nursing,156471,trigram_city,2026-09-07T12:33:21.863157+00:00,
Galen-College-of-Nursing-Austin-Campus,497116,manual,2026-09-07T12:33:21.863157+00:00,"Galen Health Institutes-Austin Campus, exact city (Round Rock)"
Galen-College-of-Nursing-Cincinnati,452948,exact,2026-09-07T12:33:21.863157+00:00,
Galen-College-of-Nursing-Gainesville-Campus,498085,manual,2026-09-07T12:33:21.863157+00:00,"Galen Health Institutes-Gainesville, exact city"
Galen-College-of-Nursing-Miami-Campus,496991,manual,2026-09-07T12:33:21.863157+00:00,"Galen Health Institutes-Miami Campus, exact city (Pembroke Pines)"
Galen-College-of-Nursing-Nashville-Campus,497125,manual,2026-09-07T12:33:21.863157+00:00,"Galen Health Institutes-Nashville Campus, exact city"
Galen-College-of-Nursing-San-Antonio,406033,exact,2026-09-07T12:33:21.863157+00:00,
Galen-College-of-Nursing-Sarasota-Campus,498076,manual,2026-09-07T12:33:21.863157+00:00,"Galen Health Institutes-Sarasota, exact city"
Galen-College-of-Nursing-Tampa-Bay,406024,exact,2026-09-07T12:33:21.863157+00:00,
Galen-Health-Institutes-Asheville,498119,exact,2026-09-07T12:33:21.863157+00:00,
Galen-Health-Institutes-Dallas,499273,exact,2026-09-07T12:33:21.863157+00:00,
Galen-Health-Institutes-Houston,498474,exact,2026-09-07T12:33:21.863157+00:00,
Galen-Health-Institutes-Las-Vegas,499671,exact,2026-09-07T12:33:21.863157+00:00,
Galen-Health-Institutes-Pikeville,,unmatched,2026-09-07T12:33:21.863157+00:00,multi-campus collision on unitid 157535; kept slug='University-of-Pikeville'
Gallaudet-University,131450,exact,2026-09-07T12:33:21.863157+00:00,
Gannon-University,212601,exact,2026-09-07T12:33:21.863157+00:00,
Gardner-Webb-University,198561,exact,2026-09-07T12:33:21.863157+00:00,
Gemini-School-of-Visual-Arts-Communication,,unmatched,2026-09-07T12:33:21.863157+00:00,"tiny art school, no IPEDS row"
Geneva-College,212656,exact,2026-09-07T12:33:21.863157+00:00,
George-Fox-University,208822,exact,2026-09-07T12:33:21.863157+00:00,
George-Mason-University,232186,exact,2026-09-07T12:33:21.863157+00:00,
George-Washington-University,131469,exact,2026-09-07T12:33:21.863157+00:00,
Georgetown-College,156745,exact,2026-09-07T12:33:21.863157+00:00,
Georgetown-University,131496,exact,2026-09-07T12:33:21.863157+00:00,
Georgia-College-and-State-University,139861,exact,2026-09-07T12:33:21.863157+00:00,
Georgia-Gwinnett-College,447689,exact,2026-09-07T12:33:21.863157+00:00,
Georgia-Highlands-College,139700,exact,2026-09-07T12:33:21.863157+00:00,
Georgia-Institute-of-Technology,139755,trigram_city,2026-09-07T12:33:21.863157+00:00,
Georgia-Military-College,485111,exact,2026-09-07T12:33:21.863157+00:00,
Georgia-Military-College-Augusta,,unmatched,2026-09-07T12:33:21.863157+00:00,multi-campus collision on unitid 485111; kept slug='Georgia-Military-College'
Georgia-Military-College-Columbus,,unmatched,2026-09-07T12:33:21.863157+00:00,multi-campus collision on unitid 485111; kept slug='Georgia-Military-College'
Georgia-Military-College-Dublin,,unmatched,2026-09-07T12:33:21.863157+00:00,multi-campus collision on unitid 485111; kept slug='Georgia-Military-College'
Georgia-Military-College-Fairburn,,unmatched,2026-09-07T12:33:21.863157+00:00,multi-campus collision on unitid 485111; kept slug='Georgia-Military-College'
Georgia-Military-College-Fayetteville,,unmatched,2026-09-07T12:33:21.863157+00:00,multi-campus collision on unitid 485111; kept slug='Georgia-Military-College'
Georgia-Military-College-Madison,,unmatched,2026-09-07T12:33:21.863157+00:00,multi-campus collision on unitid 485111; kept slug='Georgia-Military-College'
Georgia-Military-College-Robins,,unmatched,2026-09-07T12:33:21.863157+00:00,multi-campus collision on unitid 485111; kept slug='Georgia-Military-College'
Georgia-Military-College-Stone-Mountain,,unmatched,2026-09-07T12:33:21.863157+00:00,multi-campus collision on unitid 485111; kept slug='Georgia-Military-College'
Georgia-Military-College-Valdosta,,unmatched,2026-09-07T12:33:21.863157+00:00,multi-campus collision on unitid 485111; kept slug='Georgia-Military-College'
Georgia-Southern-University,139931,exact,2026-09-07T12:33:21.863157+00:00,
Georgia-Southwestern-State-University,139764,exact,2026-09-07T12:33:21.863157+00:00,
Georgia-State-University,139940,exact,2026-09-07T12:33:21.863157+00:00,
Georgian-Court-University,184773,exact,2026-09-07T12:33:21.863157+00:00,
Gettysburg-College,212674,exact,2026-09-07T12:33:21.863157+00:00,
Glendale-Career-College,115010,exact,2026-09-07T12:33:21.863157+00:00,
Glendale-Career-College-North-West-College-Bakersfield,,unmatched,2026-09-07T12:33:21.863157+00:00,multi-campus collision on unitid 109819; kept slug='Bakersfield-College'
Glendale-Community-College-Glendale-AZ,104708,exact,2026-09-07T12:33:21.863157+00:00,
Glenville-State-University,237385,exact,2026-09-07T12:33:21.863157+00:00,
Global-University,,unmatched,2026-09-07T12:33:21.863157+00:00,plan §4.6: confirmed no Title-IV IPEDS row
Gnomon-School-of-Visual-Effects,449384,token_city,2026-09-07T12:33:21.863157+00:00,
Gods-Bible-School-and-College,202903,trigram_city,2026-09-07T12:33:21.863157+00:00,
Golden-Gate-University,115083,exact,2026-09-07T12:33:21.863157+00:00,
Goldey-Beacom-College,130989,exact,2026-09-07T12:33:21.863157+00:00,
Goldfarb-School-of-Nursing-at-Barnes-Jewish-College,177719,trigram,2026-09-07T12:33:21.863157+00:00,
Gonzaga-University,235316,exact,2026-09-07T12:33:21.863157+00:00,
Good-Samaritan-College-of-Nursing-and-Health-Science,202912,exact,2026-09-07T12:33:21.863157+00:00,
Goodwin-College,129154,token_city,2026-09-07T12:33:21.863157+00:00,
Gordon-College,165936,exact,2026-09-07T12:33:21.863157+00:00,
Gordon-State-College,139968,exact,2026-09-07T12:33:21.863157+00:00,
Goshen-College,150668,exact,2026-09-07T12:33:21.863157+00:00,
Goucher-College,162654,exact,2026-09-07T12:33:21.863157+00:00,
Governors-State-University,145336,exact,2026-09-07T12:33:21.863157+00:00,
Grace-Christian-University,170000,exact,2026-09-07T12:33:21.863157+00:00,
Grace-College,150677,token_city,2026-09-07T12:33:21.863157+00:00,
Grace-Mission-University,481058,exact,2026-09-07T12:33:21.863157+00:00,
Grace-School-of-Theology,481401,exact,2026-09-07T12:33:21.863157+00:00,
Graceland-University,153366,trigram_city,2026-09-07T12:33:21.863157+00:00,
Graceland-University-Independence,,unmatched,2026-09-07T12:33:21.863157+00:00,multi-campus collision on unitid 153366; kept slug='Graceland-University'
Grambling-State-University,159009,exact,2026-09-07T12:33:21.863157+00:00,
Grand-Canyon-University,104717,exact,2026-09-07T12:33:21.863157+00:00,
Grand-Valley-State-University,170082,exact,2026-09-07T12:33:21.863157+00:00,
Grand-View-University,153375,exact,2026-09-07T12:33:21.863157+00:00,
Grays-Harbor-College,235334,exact,2026-09-07T12:33:21.863157+00:00,
Grayson-College,225070,exact,2026-09-07T12:33:21.863157+00:00,
Great-Basin-College,182306,exact,2026-09-07T12:33:21.863157+00:00,
Great-Lakes-Christian-College,170091,exact,2026-09-07T12:33:21.863157+00:00,
Great-Northern-University,497213,exact,2026-09-07T12:33:21.863157+00:00,
Green-River-College,235343,exact,2026-09-07T12:33:21.863157+00:00,
Greensboro-College,198598,exact,2026-09-07T12:33:21.863157+00:00,
Greenville-Technical-College,218113,exact,2026-09-07T12:33:21.863157+00:00,
Greenville-University,145372,exact,2026-09-07T12:33:21.863157+00:00,
Grinnell-College,153384,exact,2026-09-07T12:33:21.863157+00:00,
Grove-City-College,,unmatched,2026-09-07T12:33:21.863157+00:00,declines Title IV funding by policy; not in IPEDS
Guam-Community-College,240745,exact,2026-09-07T12:33:21.863157+00:00,
Guilford-College,198613,exact,2026-09-07T12:33:21.863157+00:00,
Gulf-Coast-State-College,134343,exact,2026-09-07T12:33:21.863157+00:00,
Gurnick-Academy-of-Medical-Arts,459213,exact,2026-09-07T12:33:21.863157+00:00,
Gustavus-Adolphus-College,173647,exact,2026-09-07T12:33:21.863157+00:00,
Gutenberg-College,,unmatched,2026-09-07T12:33:21.863157+00:00,"tiny college, no plausible IPEDS candidate"
Gwinnett-Institute,499495,exact,2026-09-07T12:33:21.863157+00:00,
Gwynedd-Mercy-University,212832,exact,2026-09-07T12:33:21.863157+00:00,
HCI-College-Fort-Lauderdale-Campus,,unmatched,2026-09-07T12:33:21.863157+00:00,multi-campus collision on unitid 495439; kept slug='Arizona-College-of-Nursing-Fort-Lauderdale'
HCI-College-West-Palm-Beach,428170,manual,2026-09-07T12:33:21.863157+00:00,"Southeastern College-West Palm Beach (HCI predecessor brand), exact city"
Hallmark-University,225201,exact,2026-09-07T12:33:21.863157+00:00,
Hamilton-College,191515,exact,2026-09-07T12:33:21.863157+00:00,
Hamline-University,173665,exact,2026-09-07T12:33:21.863157+00:00,
Hampden-Sydney-College,232256,exact,2026-09-07T12:33:21.863157+00:00,
Hampshire-College,166018,exact,2026-09-07T12:33:21.863157+00:00,
Hampton-University,232265,exact,2026-09-07T12:33:21.863157+00:00,
Hannibal-LaGrange-University,177542,exact,2026-09-07T12:33:21.863157+00:00,
Hanover-College,150756,exact,2026-09-07T12:33:21.863157+00:00,
Hardin-Simmons-University,225247,exact,2026-09-07T12:33:21.863157+00:00,
Harding-University,107044,exact,2026-09-07T12:33:21.863157+00:00,
Harris-Stowe-State-University,177551,exact,2026-09-07T12:33:21.863157+00:00,
Harrisburg-University-of-Science-and-Technology,446640,exact,2026-09-07T12:33:21.863157+00:00,
Hartwick-College,191533,exact,2026-09-07T12:33:21.863157+00:00,
Harvard-College,166027,token_city,2026-09-07T12:33:21.863157+00:00,
Harvey-Mudd-College,115409,exact,2026-09-07T12:33:21.863157+00:00,
Haskell-Indian-Nations-University,155140,exact,2026-09-07T12:33:21.863157+00:00,
Hastings-College,181127,exact,2026-09-07T12:33:21.863157+00:00,
Haven-University,111045,exact,2026-09-07T12:33:21.863157+00:00,
Haverford-College,212911,exact,2026-09-07T12:33:21.863157+00:00,
Hawaii-Pacific-University,141644,exact,2026-09-07T12:33:21.863157+00:00,
Hebrew-Theological-College,145497,exact,2026-09-07T12:33:21.863157+00:00,
Heidelberg-University,203085,exact,2026-09-07T12:33:21.863157+00:00,
Helene-Fuld-College-of-Nursing,191597,exact,2026-09-07T12:33:21.863157+00:00,
Hellenic-American-University,,unmatched,2026-09-07T12:33:21.863157+00:00,no plausible US Title-IV IPEDS record
Hellenic-College,166054,token_city,2026-09-07T12:33:21.863157+00:00,
Henderson-State-University,107071,exact,2026-09-07T12:33:21.863157+00:00,
Hendrix-College,107080,exact,2026-09-07T12:33:21.863157+00:00,
Henry-Ford-College,170240,exact,2026-09-07T12:33:21.863157+00:00,
Heritage-Bible-College,198677,exact,2026-09-07T12:33:21.863157+00:00,
Heritage-Christian-University,101453,exact,2026-09-07T12:33:21.863157+00:00,
Heritage-University,235422,exact,2026-09-07T12:33:21.863157+00:00,
Herzing-University-Akron,200785,exact,2026-09-07T12:33:21.863157+00:00,
Herzing-University-Atlanta,140340,exact,2026-09-07T12:33:21.863157+00:00,
Herzing-University-Birmingham,101365,exact,2026-09-07T12:33:21.863157+00:00,
Herzing-University-Brookfield,459851,exact,2026-09-07T12:33:21.863157+00:00,
Herzing-University-Kenosha,459842,exact,2026-09-07T12:33:21.863157+00:00,
Herzing-University-Madison,240392,exact,2026-09-07T12:33:21.863157+00:00,
Herzing-University-Minneapolis,174154,exact,2026-09-07T12:33:21.863157+00:00,
Herzing-University-Nashville,499149,exact,2026-09-07T12:33:21.863157+00:00,
Herzing-University-New-Orleans,433536,exact,2026-09-07T12:33:21.863157+00:00,
Herzing-University-Online,,unmatched,2026-09-07T12:33:21.863157+00:00,Herzing has no flagship/online-specific unitid; only per-city ones
Herzing-University-Orlando,386472,exact,2026-09-07T12:33:21.863157+00:00,
Herzing-University-Tampa,496973,exact,2026-09-07T12:33:21.863157+00:00,
Hesston-College,155177,exact,2026-09-07T12:33:21.863157+00:00,
High-Point-University,198695,exact,2026-09-07T12:33:21.863157+00:00,
Highline-College,235431,exact,2026-09-07T12:33:21.863157+00:00,
Hilbert-College,191621,exact,2026-09-07T12:33:21.863157+00:00,
Hillsdale-College,,unmatched,2026-09-07T12:33:21.863157+00:00,declines Title IV funding by policy; not in IPEDS
Hiram-College,203128,exact,2026-09-07T12:33:21.863157+00:00,
Hobart-and-William-Smith-Colleges,191630,trigram_city,2026-09-07T12:33:21.863157+00:00,
Hobe-Sound-Bible-College,134510,exact,2026-09-07T12:33:21.863157+00:00,
Hofstra-University,191649,exact,2026-09-07T12:33:21.863157+00:00,
Hollins-University,232308,exact,2026-09-07T12:33:21.863157+00:00,
Holy-Apostles-College-and-Seminary,129534,exact,2026-09-07T12:33:21.863157+00:00,
Holy-Cross-College,150774,exact,2026-09-07T12:33:21.863157+00:00,
Holy-Family-University,212984,exact,2026-09-07T12:33:21.863157+00:00,
Holy-Trinity-Orthodox-Seminary,,unmatched,2026-09-07T12:33:21.863157+00:00,no plausible IPEDS candidate
Homestead-Schools,457086,exact,2026-09-07T12:33:21.863157+00:00,
Hood-College,162760,exact,2026-09-07T12:33:21.863157+00:00,
Hope-College,170301,exact,2026-09-07T12:33:21.863157+00:00,
Hope-International-University,120537,exact,2026-09-07T12:33:21.863157+00:00,
Horizon-University,457226,exact,2026-09-07T12:33:21.863157+00:00,
Houghton-University,191676,exact,2026-09-07T12:33:21.863157+00:00,
Houston-Christian-University,225399,exact,2026-09-07T12:33:21.863157+00:00,
Howard-Payne-University,225548,exact,2026-09-07T12:33:21.863157+00:00,
Howard-University,131520,exact,2026-09-07T12:33:21.863157+00:00,
Huertas-College,242112,exact,2026-09-07T12:33:21.863157+00:00,
Hult-International-Business-School,164368,exact,2026-09-07T12:33:21.863157+00:00,
Humacao-Community-College,242121,exact,2026-09-07T12:33:21.863157+00:00,
Humphreys-College-Modesto,,unmatched,2026-09-07T12:33:21.863157+00:00,multi-campus collision on unitid 115773; kept slug='Humphreys-University'
Humphreys-University,115773,token_city,2026-09-07T12:33:21.863157+00:00,
Hunter-College,190594,trigram_city,2026-09-07T12:33:21.863157+00:00,
Huntingdon-College,101435,exact,2026-09-07T12:33:21.863157+00:00,
Huntington-University,150941,exact,2026-09-07T12:33:21.863157+00:00,
Huntsville-Bible-College,449348,exact,2026-09-07T12:33:21.863157+00:00,
Husson-University,487524,exact,2026-09-07T12:33:21.863157+00:00,
Huston-Tillotson-University,225575,exact,2026-09-07T12:33:21.863157+00:00,
IGlobal-University,483780,exact,2026-09-07T12:33:21.863157+00:00,
INSTE-Global-Bible-College,,unmatched,2026-09-07T12:33:21.863157+00:00,"tiny bible college, no IPEDS row"
Idaho-State-University,142276,exact,2026-09-07T12:33:21.863157+00:00,
Ilisagvik-College,434584,exact,2026-09-07T12:33:21.863157+00:00,
Illinois-College,145691,exact,2026-09-07T12:33:21.863157+00:00,
Illinois-Institute-of-Technology,145725,exact,2026-09-07T12:33:21.863157+00:00,
Illinois-State-University,145813,exact,2026-09-07T12:33:21.863157+00:00,
Illinois-Wesleyan-University,145646,exact,2026-09-07T12:33:21.863157+00:00,
Immaculata-University,213011,exact,2026-09-07T12:33:21.863157+00:00,
Indian-Bible-College,495280,exact,2026-09-07T12:33:21.863157+00:00,
Indian-River-State-College,134608,exact,2026-09-07T12:33:21.863157+00:00,
Indiana-Institute-of-Technology,151290,exact,2026-09-07T12:33:21.863157+00:00,
Indiana-Institute-of-Technology-College-of-Professional-Studies,492962,exact,2026-09-07T12:33:21.863157+00:00,
Indiana-State-University,151324,exact,2026-09-07T12:33:21.863157+00:00,
Indiana-University-Bloomington,151351,exact,2026-09-07T12:33:21.863157+00:00,
Indiana-University-Columbus,,unmatched,2026-09-07T12:33:21.863157+00:00,no separate IPEDS row for this IU regional site
Indiana-University-East,151388,exact,2026-09-07T12:33:21.863157+00:00,
Indiana-University-Fort-Wayne,,unmatched,2026-09-07T12:33:21.863157+00:00,"IU Fort Wayne merged into Purdue Fort Wayne (2018), no current separate row"
Indiana-University-Indianapolis,151111,exact,2026-09-07T12:33:21.863157+00:00,
Indiana-University-Kokomo,151333,exact,2026-09-07T12:33:21.863157+00:00,
Indiana-University-Northwest,151360,exact,2026-09-07T12:33:21.863157+00:00,
Indiana-University-Purdue-University-Fort-Wayne,151102,trigram_city,2026-09-07T12:33:21.863157+00:00,
Indiana-University-South-Bend,151342,exact,2026-09-07T12:33:21.863157+00:00,
Indiana-University-Southeast,151379,exact,2026-09-07T12:33:21.863157+00:00,
Indiana-University-of-Pennsylvania,213020,trigram_city,2026-09-07T12:33:21.863157+00:00,
Indiana-Wesleyan-University,151801,trigram_city,2026-09-07T12:33:21.863157+00:00,
Indiana-Wesleyan-University-National-Global,488679,exact,2026-09-07T12:33:21.863157+00:00,
Institute-of-American-Indian-Arts,187745,exact,2026-09-07T12:33:21.863157+00:00,
Inter-American-University-of-Puerto-Rico-Aguadilla-Campus,242626,manual,2026-09-07T12:33:21.863157+00:00,"sim=0.88, near-exact name/city"
Inter-American-University-of-Puerto-Rico-Arecibo-Campus,242635,manual,2026-09-07T12:33:21.863157+00:00,"sim=0.87, near-exact name/city"
Inter-American-University-of-Puerto-Rico-Barranquitas-Campus,242644,trigram_city,2026-09-07T12:33:21.863157+00:00,
Inter-American-University-of-Puerto-Rico-Bayamon-Campus,242705,manual,2026-09-07T12:33:21.863157+00:00,"sim=0.87, near-exact name/city"
Inter-American-University-of-Puerto-Rico-Fajardo-Campus,242680,trigram_city,2026-09-07T12:33:21.863157+00:00,
Inter-American-University-of-Puerto-Rico-Guayama-Campus,242699,trigram_city,2026-09-07T12:33:21.863157+00:00,
Inter-American-University-of-Puerto-Rico-Metropolitan-Campus,242653,trigram_city,2026-09-07T12:33:21.863157+00:00,
Inter-American-University-of-Puerto-Rico-Ponce-Campus,242662,trigram_city,2026-09-07T12:33:21.863157+00:00,
Inter-American-University-of-Puerto-Rico-San-German-Campus,242617,trigram_city,2026-09-07T12:33:21.863157+00:00,
Interior-Designers-Institute,116226,exact,2026-09-07T12:33:21.863157+00:00,
International-Baptist-College,436614,trigram_city,2026-09-07T12:33:21.863157+00:00,
Iona-College,191931,token_city,2026-09-07T12:33:21.863157+00:00,
Iona-University,,unmatched,2026-09-07T12:33:21.863157+00:00,multi-campus collision on unitid 191931; kept slug='Iona-College'
Iowa-State-University,153603,exact,2026-09-07T12:33:21.863157+00:00,
Istituto-Marangoni-Miami,,unmatched,2026-09-07T12:33:21.863157+00:00,no plausible IPEDS candidate
Ithaca-College,191968,exact,2026-09-07T12:33:21.863157+00:00,
Jackson-College,170444,exact,2026-09-07T12:33:21.863157+00:00,
Jackson-State-University,175856,exact,2026-09-07T12:33:21.863157+00:00,
Jackson-Theological-Seminary,497453,exact,2026-09-07T12:33:21.863157+00:00,
Jacksonville-State-University,101480,exact,2026-09-07T12:33:21.863157+00:00,
Jacksonville-University,134945,exact,2026-09-07T12:33:21.863157+00:00,
James-Madison-University,232423,exact,2026-09-07T12:33:21.863157+00:00,
Jarvis-Christian-College,225885,token_city,2026-09-07T12:33:21.863157+00:00,
Jessup-University,122728,exact,2026-09-07T12:33:21.863157+00:00,
John-Brown-University,107141,exact,2026-09-07T12:33:21.863157+00:00,
John-Carroll-University,203368,exact,2026-09-07T12:33:21.863157+00:00,
John-Jay-College-of-Criminal-Justice,190600,trigram_city,2026-09-07T12:33:21.863157+00:00,
John-Patrick-University-of-Health-and-Applied-Sciences,488776,exact,2026-09-07T12:33:21.863157+00:00,
John-Paul-the-Great-Catholic-University,462354,exact,2026-09-07T12:33:21.863157+00:00,
Johns-Hopkins-University,162928,exact,2026-09-07T12:33:21.863157+00:00,
Johnson-C-Smith-University,198756,exact,2026-09-07T12:33:21.863157+00:00,
Johnson-University,220473,exact,2026-09-07T12:33:21.863157+00:00,
Johnson-Wales-University-Charlotte-NC,445708,trigram_city,2026-09-07T12:33:21.863157+00:00,
Johnson-Wales-University-Providence,217235,exact,2026-09-07T12:33:21.863157+00:00,
Jose-Maria-Vargas-University,461281,exact,2026-09-07T12:33:21.863157+00:00,
Joyce-University-of-Nursing-Health-Sciences,447263,exact,2026-09-07T12:33:21.863157+00:00,
Judson-College-at-Southeastern,,unmatched,2026-09-07T12:33:21.863157+00:00,uncertain relationship to Southeastern Free Will Baptist Bible College; unconfirmed
Judson-University,146339,exact,2026-09-07T12:33:21.863157+00:00,
Juilliard-School,192110,trigram_city,2026-09-07T12:33:21.863157+00:00,
Juniata-College,213251,exact,2026-09-07T12:33:21.863157+00:00,
Kairos-University,219240,exact,2026-09-07T12:33:21.863157+00:00,
Kalamazoo-College,170532,exact,2026-09-07T12:33:21.863157+00:00,
Kansas-Christian-College,155308,exact,2026-09-07T12:33:21.863157+00:00,
Kansas-City-Art-Institute,177746,exact,2026-09-07T12:33:21.863157+00:00,
Kansas-State-University,155399,exact,2026-09-07T12:33:21.863157+00:00,
Kansas-Wesleyan-University,155414,exact,2026-09-07T12:33:21.863157+00:00,
Kean-University,185262,exact,2026-09-07T12:33:21.863157+00:00,
Keene-State-College,183062,exact,2026-09-07T12:33:21.863157+00:00,
Kehilath-Yakov-Rabbinical-Seminary,192165,exact,2026-09-07T12:33:21.863157+00:00,
Keiser-University-Clearwater,,unmatched,2026-09-07T12:33:21.863157+00:00,multi-campus collision on unitid 135081; kept slug='Keiser-University-Fort-Lauderdale-FL'
Keiser-University-Daytona-Beach-FL,,unmatched,2026-09-07T12:33:21.863157+00:00,multi-campus collision on unitid 135081; kept slug='Keiser-University-Fort-Lauderdale-FL'
Keiser-University-Fort-Lauderdale-FL,135081,token_city,2026-09-07T12:33:21.863157+00:00,
Keiser-University-Fort-Myers-FL,,unmatched,2026-09-07T12:33:21.863157+00:00,multi-campus collision on unitid 135081; kept slug='Keiser-University-Fort-Lauderdale-FL'
Keiser-University-Jacksonville-FL,,unmatched,2026-09-07T12:33:21.863157+00:00,multi-campus collision on unitid 135081; kept slug='Keiser-University-Fort-Lauderdale-FL'
Keiser-University-Lakeland-FL,,unmatched,2026-09-07T12:33:21.863157+00:00,multi-campus collision on unitid 135081; kept slug='Keiser-University-Fort-Lauderdale-FL'
Keiser-University-Melbourne-FL,,unmatched,2026-09-07T12:33:21.863157+00:00,multi-campus collision on unitid 135081; kept slug='Keiser-University-Fort-Lauderdale-FL'
Keiser-University-Miami-FL,,unmatched,2026-09-07T12:33:21.863157+00:00,multi-campus collision on unitid 135081; kept slug='Keiser-University-Fort-Lauderdale-FL'
Keiser-University-New-Port-Richey,,unmatched,2026-09-07T12:33:21.863157+00:00,multi-campus collision on unitid 135081; kept slug='Keiser-University-Fort-Lauderdale-FL'
Keiser-University-Orlando-FL,,unmatched,2026-09-07T12:33:21.863157+00:00,multi-campus collision on unitid 135081; kept slug='Keiser-University-Fort-Lauderdale-FL'
Keiser-University-Pembroke-Pines-FL,,unmatched,2026-09-07T12:33:21.863157+00:00,multi-campus collision on unitid 135081; kept slug='Keiser-University-Fort-Lauderdale-FL'
Keiser-University-Port-St-Lucie,,unmatched,2026-09-07T12:33:21.863157+00:00,multi-campus collision on unitid 135081; kept slug='Keiser-University-Fort-Lauderdale-FL'
Keiser-University-Sarasota-FL,,unmatched,2026-09-07T12:33:21.863157+00:00,multi-campus collision on unitid 135081; kept slug='Keiser-University-Fort-Lauderdale-FL'
Keiser-University-Tallahassee-FL,,unmatched,2026-09-07T12:33:21.863157+00:00,multi-campus collision on unitid 135081; kept slug='Keiser-University-Fort-Lauderdale-FL'
Keiser-University-Tampa-FL,,unmatched,2026-09-07T12:33:21.863157+00:00,multi-campus collision on unitid 135081; kept slug='Keiser-University-Fort-Lauderdale-FL'
Keiser-University-West-Palm-Beach-FL,,unmatched,2026-09-07T12:33:21.863157+00:00,multi-campus collision on unitid 135081; kept slug='Keiser-University-Fort-Lauderdale-FL'
Kennesaw-State-University,486840,exact,2026-09-07T12:33:21.863157+00:00,
Kent-State-University-At-Kent,203517,exact,2026-09-07T12:33:21.863157+00:00,
Kent-State-University-at-Ashtabula,203447,exact,2026-09-07T12:33:21.863157+00:00,
Kent-State-University-at-East-Liverpool,203456,exact,2026-09-07T12:33:21.863157+00:00,
Kent-State-University-at-Geauga,203526,exact,2026-09-07T12:33:21.863157+00:00,
Kent-State-University-at-Salem,203492,exact,2026-09-07T12:33:21.863157+00:00,
Kent-State-University-at-Stark,203465,exact,2026-09-07T12:33:21.863157+00:00,
Kent-State-University-at-Trumbull,203474,exact,2026-09-07T12:33:21.863157+00:00,
Kent-State-University-at-Tuscarawas,203483,exact,2026-09-07T12:33:21.863157+00:00,
Kentucky-Christian-University,157100,exact,2026-09-07T12:33:21.863157+00:00,
Kentucky-Mountain-Bible-College,157030,exact,2026-09-07T12:33:21.863157+00:00,
Kentucky-State-University,157058,exact,2026-09-07T12:33:21.863157+00:00,
Kentucky-Wesleyan-College,157076,exact,2026-09-07T12:33:21.863157+00:00,
Kenyon-College,203535,exact,2026-09-07T12:33:21.863157+00:00,
Keser-Torah-Mayan-Hatalmud,461847,exact,2026-09-07T12:33:21.863157+00:00,
Kettering-College,203544,exact,2026-09-07T12:33:21.863157+00:00,
Kettering-University,169983,exact,2026-09-07T12:33:21.863157+00:00,
Keuka-College,192192,exact,2026-09-07T12:33:21.863157+00:00,
Keystone-College,213303,exact,2026-09-07T12:33:21.863157+00:00,
King-University,220516,exact,2026-09-07T12:33:21.863157+00:00,
Kings-College,213321,exact,2026-09-07T12:33:21.863157+00:00,
Knox-College,146427,exact,2026-09-07T12:33:21.863157+00:00,
Kutztown-University-of-Pennsylvania,213349,exact,2026-09-07T12:33:21.863157+00:00,
Kuyper-College,171881,exact,2026-09-07T12:33:21.863157+00:00,
LIM-College,192271,exact,2026-09-07T12:33:21.863157+00:00,
La-Roche-University,213358,exact,2026-09-07T12:33:21.863157+00:00,
La-Salle-University,213367,exact,2026-09-07T12:33:21.863157+00:00,
La-Sierra-University,117627,exact,2026-09-07T12:33:21.863157+00:00,
LaGrange-College,140234,exact,2026-09-07T12:33:21.863157+00:00,
Laboure-College,165264,token_city,2026-09-07T12:33:21.863157+00:00,
Lac-Courte-Oreilles-Ojibwe-University,260372,exact,2026-09-07T12:33:21.863157+00:00,
Lackawanna-College,213376,exact,2026-09-07T12:33:21.863157+00:00,
Lafayette-College,213385,exact,2026-09-07T12:33:21.863157+00:00,
Laguna-College-of-Art-Design,117168,trigram,2026-09-07T12:33:21.863157+00:00,
Lake-Erie-College,203580,exact,2026-09-07T12:33:21.863157+00:00,
Lake-Forest-College,146481,exact,2026-09-07T12:33:21.863157+00:00,
Lake-Sumter-State-College,135188,exact,2026-09-07T12:33:21.863157+00:00,
Lake-Superior-State-University,170639,exact,2026-09-07T12:33:21.863157+00:00,
Lake-Washington-Institute-of-Technology,235699,exact,2026-09-07T12:33:21.863157+00:00,
Lakeland-University,238980,exact,2026-09-07T12:33:21.863157+00:00,
Lakeview-College-of-Nursing,146533,exact,2026-09-07T12:33:21.863157+00:00,
Lakewood-University,,unmatched,2026-09-07T12:33:21.863157+00:00,"no plausible IPEDS candidate in Cleveland Heights, OH"
Lamar-University,226091,exact,2026-09-07T12:33:21.863157+00:00,
Lancaster-Bible-College,213400,exact,2026-09-07T12:33:21.863157+00:00,
Lander-University,218229,exact,2026-09-07T12:33:21.863157+00:00,
Landmark-College,247649,exact,2026-09-07T12:33:21.863157+00:00,
Lane-College,220598,exact,2026-09-07T12:33:21.863157+00:00,
Langston-University,207209,exact,2026-09-07T12:33:21.863157+00:00,
Laramie-County-Community-College,240620,exact,2026-09-07T12:33:21.863157+00:00,
Laredo-College,226134,exact,2026-09-07T12:33:21.863157+00:00,
Lasell-University,166391,exact,2026-09-07T12:33:21.863157+00:00,
Latin-American-Bible-Institute,117283,exact,2026-09-07T12:33:21.863157+00:00,
Laurus-College,454786,exact,2026-09-07T12:33:21.863157+00:00,
Lawrence-Technological-University,170675,exact,2026-09-07T12:33:21.863157+00:00,
Lawrence-University,239017,exact,2026-09-07T12:33:21.863157+00:00,
Le-Moyne-College,192323,exact,2026-09-07T12:33:21.863157+00:00,
LeMoyne-Owen-College,220604,trigram_city,2026-09-07T12:33:21.863157+00:00,
LeTourneau-University,226231,exact,2026-09-07T12:33:21.863157+00:00,
Learnet-Academy,,unmatched,2026-09-07T12:33:21.863157+00:00,no plausible IPEDS candidate
Lebanon-Valley-College,213507,exact,2026-09-07T12:33:21.863157+00:00,
Lee-University,220613,exact,2026-09-07T12:33:21.863157+00:00,
Lees-McRae-College,198808,exact,2026-09-07T12:33:21.863157+00:00,
Lehigh-University,213543,exact,2026-09-07T12:33:21.863157+00:00,
Lehman-College-City-University-of-New-York,190637,manual,2026-09-07T12:33:21.863157+00:00,"CUNY Lehman College, direct name lookup"
Lenoir-Rhyne-University,198835,exact,2026-09-07T12:33:21.863157+00:00,
Lesley-University,166452,exact,2026-09-07T12:33:21.863157+00:00,
Lewis-Clark-College,209056,exact,2026-09-07T12:33:21.863157+00:00,
Lewis-Clark-State-College,142328,exact,2026-09-07T12:33:21.863157+00:00,
Lewis-University,146612,exact,2026-09-07T12:33:21.863157+00:00,
Liberty-University,232557,exact,2026-09-07T12:33:21.863157+00:00,
Life-Pacific-College,117104,token_city,2026-09-07T12:33:21.863157+00:00,
Life-University,140252,exact,2026-09-07T12:33:21.863157+00:00,
Lincoln-Memorial-University,220631,exact,2026-09-07T12:33:21.863157+00:00,
Lincoln-University,213598,exact,2026-09-07T12:33:21.863157+00:00,
Lincoln-University-California,,unmatched,2026-09-07T12:33:21.863157+00:00,distinct small institution; no matching Lincoln-named IPEDS row
Lincoln-University-Missouri,177940,trigram_city,2026-09-07T12:33:21.863157+00:00,
Lindenwood-University,177968,exact,2026-09-07T12:33:21.863157+00:00,
Lindsey-Wilson-College,157216,exact,2026-09-07T12:33:21.863157+00:00,
Linfield-University,209065,exact,2026-09-07T12:33:21.863157+00:00,
Lionel-University,485519,exact,2026-09-07T12:33:21.863157+00:00,
Lipscomb-University,219976,exact,2026-09-07T12:33:21.863157+00:00,
Livingstone-College,198862,exact,2026-09-07T12:33:21.863157+00:00,
Logan-University,177986,exact,2026-09-07T12:33:21.863157+00:00,
Loma-Linda-University,117636,exact,2026-09-07T12:33:21.863157+00:00,
Long-Island-University-Post,192448,trigram_city,2026-09-07T12:33:21.863157+00:00,
Longwood-University,232566,exact,2026-09-07T12:33:21.863157+00:00,
Longy-School-of-Music-of-Bard-College,166489,exact,2026-09-07T12:33:21.863157+00:00,
Lorain-County-Community-College,203748,exact,2026-09-07T12:33:21.863157+00:00,
Loras-College,153825,exact,2026-09-07T12:33:21.863157+00:00,
Los-Angeles-Academy-of-Figurative-Art,490124,exact,2026-09-07T12:33:21.863157+00:00,
Los-Angeles-College-of-Music,446385,exact,2026-09-07T12:33:21.863157+00:00,
Los-Angeles-Film-School,436429,exact,2026-09-07T12:33:21.863157+00:00,
Louisiana-College,159568,token_city,2026-09-07T12:33:21.863157+00:00,
Louisiana-State-University,,unmatched,2026-09-07T12:33:21.863157+00:00,multi-campus collision on unitid 159391; kept slug='Southern-University-and-Agricultural-and-Mechanical-College'
Louisiana-State-University-Health-Sciences-Center,159373,trigram_city,2026-09-07T12:33:21.863157+00:00,
Louisiana-State-University-Shreveport,159416,exact,2026-09-07T12:33:21.863157+00:00,
Louisiana-State-University-of-Alexandria,159382,trigram,2026-09-07T12:33:21.863157+00:00,
Louisiana-Tech-University,159647,exact,2026-09-07T12:33:21.863157+00:00,
Lourdes-University,203757,exact,2026-09-07T12:33:21.863157+00:00,
Loyola-Marymount-University,117946,exact,2026-09-07T12:33:21.863157+00:00,
Loyola-University-Chicago,146719,exact,2026-09-07T12:33:21.863157+00:00,
Loyola-University-Maryland,163046,exact,2026-09-07T12:33:21.863157+00:00,
Loyola-University-New-Orleans,159656,exact,2026-09-07T12:33:21.863157+00:00,
Lubbock-Christian-University,226383,exact,2026-09-07T12:33:21.863157+00:00,
Luther-College,153834,exact,2026-09-07T12:33:21.863157+00:00,
Luther-Rice-College-Seminary,135364,exact,2026-09-07T12:33:21.863157+00:00,
Lycoming-College,213668,exact,2026-09-07T12:33:21.863157+00:00,
Lynn-University,132657,exact,2026-09-07T12:33:21.863157+00:00,
Lyon-College,106342,exact,2026-09-07T12:33:21.863157+00:00,
MGH-Institute-of-Health-Professions,166869,exact,2026-09-07T12:33:21.863157+00:00,
MIU-City-University-Miami,,unmatched,2026-09-07T12:33:21.863157+00:00,no plausible IPEDS candidate
Macalester-College,173902,exact,2026-09-07T12:33:21.863157+00:00,
Macaulay-Honors-College,,unmatched,2026-09-07T12:33:21.863157+00:00,"CUNY honors program spanning colleges, not a separate IPEDS institution"
Machzikei-Hadath-Rabbinical-College,192624,exact,2026-09-07T12:33:21.863157+00:00,
Madonna-University,170806,exact,2026-09-07T12:33:21.863157+00:00,
Maharishi-International-University,153861,exact,2026-09-07T12:33:21.863157+00:00,
Maine-College-of-Art,161509,trigram_city,2026-09-07T12:33:21.863157+00:00,
Maine-College-of-Health-Professions,161022,exact,2026-09-07T12:33:21.863157+00:00,
Maine-Maritime-Academy,161299,exact,2026-09-07T12:33:21.863157+00:00,
Malone-University,203775,exact,2026-09-07T12:33:21.863157+00:00,
Manchester-University,151777,exact,2026-09-07T12:33:21.863157+00:00,
Manhattan-Christian-College,155496,exact,2026-09-07T12:33:21.863157+00:00,
Manhattan-School-of-Music,192712,exact,2026-09-07T12:33:21.863157+00:00,
Manhattan-University,192703,exact,2026-09-07T12:33:21.863157+00:00,
Manhattanville-College,192749,token_city,2026-09-07T12:33:21.863157+00:00,
Manna-University,461528,exact,2026-09-07T12:33:21.863157+00:00,
Manor-College,213774,exact,2026-09-07T12:33:21.863157+00:00,
Maple-Springs-Baptist-Bible-College-and-Seminary,,unmatched,2026-09-07T12:33:21.863157+00:00,no plausible IPEDS candidate
Maranatha-Baptist-University,239071,exact,2026-09-07T12:33:21.863157+00:00,
Maria-College,192785,token_city,2026-09-07T12:33:21.863157+00:00,
Marian-University-Ancilla,497833,exact,2026-09-07T12:33:21.863157+00:00,
Marian-University-Fond-du-Lac-WI,239080,exact,2026-09-07T12:33:21.863157+00:00,
Marian-University-Indianapolis-IN,151786,exact,2026-09-07T12:33:21.863157+00:00,
Marietta-College,203845,exact,2026-09-07T12:33:21.863157+00:00,
Marist-College,192819,token_city,2026-09-07T12:33:21.863157+00:00,
Marquette-University,239105,exact,2026-09-07T12:33:21.863157+00:00,
Mars-Hill-University,198899,exact,2026-09-07T12:33:21.863157+00:00,
Marshall-University,237525,exact,2026-09-07T12:33:21.863157+00:00,
Martin-Luther-College,173452,exact,2026-09-07T12:33:21.863157+00:00,
Martin-University,151810,exact,2026-09-07T12:33:21.863157+00:00,
Mary-Baldwin-University,232672,exact,2026-09-07T12:33:21.863157+00:00,
Maryland-Institute-College-of-Art,163295,exact,2026-09-07T12:33:21.863157+00:00,
Marymount-Manhattan-College,192864,exact,2026-09-07T12:33:21.863157+00:00,
Marymount-University,232706,exact,2026-09-07T12:33:21.863157+00:00,
Maryville-College,220710,exact,2026-09-07T12:33:21.863157+00:00,
Maryville-University-of-Saint-Louis,178059,exact,2026-09-07T12:33:21.863157+00:00,
Marywood-University,213826,exact,2026-09-07T12:33:21.863157+00:00,
Massachusetts-College-of-Art-and-Design,166674,exact,2026-09-07T12:33:21.863157+00:00,
Massachusetts-College-of-Liberal-Arts,167288,exact,2026-09-07T12:33:21.863157+00:00,
Massachusetts-College-of-Pharmacy-and-Health-Sciences,166656,manual,2026-09-07T12:33:21.863157+00:00,"renamed MCPHS University, exact city (Boston)"
Massachusetts-Institute-of-Technology,166683,exact,2026-09-07T12:33:21.863157+00:00,
Massachusetts-Maritime-Academy,166692,exact,2026-09-07T12:33:21.863157+00:00,
Masters-University,117751,token_city,2026-09-07T12:33:21.863157+00:00,
Mayville-State-University,200226,exact,2026-09-07T12:33:21.863157+00:00,
McDaniel-College,164270,exact,2026-09-07T12:33:21.863157+00:00,
McKendree-University,147013,exact,2026-09-07T12:33:21.863157+00:00,
McMurry-University,226587,exact,2026-09-07T12:33:21.863157+00:00,
McNeese-State-University,159717,exact,2026-09-07T12:33:21.863157+00:00,
McPherson-College,155511,exact,2026-09-07T12:33:21.863157+00:00,
Mechon-L-Hoyroa,490328,exact,2026-09-07T12:33:21.863157+00:00,
Medgar-Evers-College-City-University-of-New-York,190646,manual,2026-09-07T12:33:21.863157+00:00,"CUNY Medgar Evers College, direct name lookup"
Medical-University-of-South-Carolina,218335,exact,2026-09-07T12:33:21.863157+00:00,
Menlo-College,118693,exact,2026-09-07T12:33:21.863157+00:00,
Mercer-University,140447,exact,2026-09-07T12:33:21.863157+00:00,
Mercy-College-of-Health-Sciences,153977,exact,2026-09-07T12:33:21.863157+00:00,
Mercy-College-of-Ohio,203960,exact,2026-09-07T12:33:21.863157+00:00,
Mercy-University,193016,exact,2026-09-07T12:33:21.863157+00:00,
Mercyhurst-University,213987,exact,2026-09-07T12:33:21.863157+00:00,
Meredith-College,198950,exact,2026-09-07T12:33:21.863157+00:00,
Merrimack-College,166850,exact,2026-09-07T12:33:21.863157+00:00,
Mesivta-Torah-Vodaath-Seminary,193052,trigram_city,2026-09-07T12:33:21.863157+00:00,
Mesivta-of-Eastern-Parkway-Yeshiva-Zichron-Meilech,193061,exact,2026-09-07T12:33:21.863157+00:00,
Mesivtha-Tifereth-Jerusalem-of-America,193070,exact,2026-09-07T12:33:21.863157+00:00,
Messenger-College,417752,exact,2026-09-07T12:33:21.863157+00:00,
Messiah-University,213996,exact,2026-09-07T12:33:21.863157+00:00,
Methodist-College,147129,exact,2026-09-07T12:33:21.863157+00:00,
Methodist-University,198969,exact,2026-09-07T12:33:21.863157+00:00,
Metropolitan-College-of-New-York,190114,exact,2026-09-07T12:33:21.863157+00:00,
Metropolitan-State-University,174020,exact,2026-09-07T12:33:21.863157+00:00,
Metropolitan-State-University-of-Denver,127565,exact,2026-09-07T12:33:21.863157+00:00,
Miami-Dade-College,135717,exact,2026-09-07T12:33:21.863157+00:00,
Miami-Regional-University,451103,exact,2026-09-07T12:33:21.863157+00:00,
Miami-University,204024,trigram_city,2026-09-07T12:33:21.863157+00:00,
Miami-University-Hamilton,204006,exact,2026-09-07T12:33:21.863157+00:00,
Miami-University-Middletown,204015,exact,2026-09-07T12:33:21.863157+00:00,
Michigan-State-University,171100,exact,2026-09-07T12:33:21.863157+00:00,
Michigan-Technological-University,171128,exact,2026-09-07T12:33:21.863157+00:00,
Mid-America-Baptist-Theological-Seminary,,unmatched,2026-09-07T12:33:21.863157+00:00,no plausible IPEDS candidate
Mid-America-Christian-University,245953,exact,2026-09-07T12:33:21.863157+00:00,
Mid-America-College-of-Funeral-Service,151962,exact,2026-09-07T12:33:21.863157+00:00,
Mid-Atlantic-Christian-University,199458,exact,2026-09-07T12:33:21.863157+00:00,
Mid-South-Christian-College,481225,exact,2026-09-07T12:33:21.863157+00:00,
MidAmerica-Nazarene-University,155520,exact,2026-09-07T12:33:21.863157+00:00,
Middle-Georgia-State-University,482158,exact,2026-09-07T12:33:21.863157+00:00,
Middle-Tennessee-State-University,220978,exact,2026-09-07T12:33:21.863157+00:00,
Middlebury-College,230959,exact,2026-09-07T12:33:21.863157+00:00,
Midland-College,226806,exact,2026-09-07T12:33:21.863157+00:00,
Midland-University,181330,exact,2026-09-07T12:33:21.863157+00:00,
Midway-University,157377,exact,2026-09-07T12:33:21.863157+00:00,
Midwest-University,,unmatched,2026-09-07T12:33:21.863157+00:00,ambiguous vs. Urshan University/Urshan Graduate School at same address
Midwestern-State-University,226833,exact,2026-09-07T12:33:21.863157+00:00,
Midwives-College-of-Utah,480985,exact,2026-09-07T12:33:21.863157+00:00,
Miles-College,101675,exact,2026-09-07T12:33:21.863157+00:00,
Millennia-Atlantic-University,461883,exact,2026-09-07T12:33:21.863157+00:00,
Millersville-University-of-Pennsylvania,214041,exact,2026-09-07T12:33:21.863157+00:00,
Milligan-University,486901,exact,2026-09-07T12:33:21.863157+00:00,
Millikin-University,147244,exact,2026-09-07T12:33:21.863157+00:00,
Millsaps-College,175980,exact,2026-09-07T12:33:21.863157+00:00,
Milwaukee-Institute-of-Art-Design,239309,exact,2026-09-07T12:33:21.863157+00:00,
Milwaukee-School-of-Engineering,239318,exact,2026-09-07T12:33:21.863157+00:00,
Minerva-University,,unmatched,2026-09-07T12:33:21.863157+00:00,"distributed/online model, no confident IPEDS candidate"
Minneapolis-College-of-Art-and-Design,174127,exact,2026-09-07T12:33:21.863157+00:00,
Minnesota-State-University-Mankato,173920,exact,2026-09-07T12:33:21.863157+00:00,
Minnesota-State-University-Moorhead,174358,exact,2026-09-07T12:33:21.863157+00:00,
Minot-State-University,200253,exact,2026-09-07T12:33:21.863157+00:00,
MiraCosta-College-San-Elijo-Campus,118912,manual,2026-09-07T12:33:21.863157+00:00,"MiraCosta College, satellite of the same CA community college"
Mirrer-Yeshiva,193247,token_city,2026-09-07T12:33:21.863157+00:00,
Misericordia-University,214069,exact,2026-09-07T12:33:21.863157+00:00,
Mississippi-College,176053,exact,2026-09-07T12:33:21.863157+00:00,
Mississippi-State-University,176080,exact,2026-09-07T12:33:21.863157+00:00,
Mississippi-University-for-Women,176035,exact,2026-09-07T12:33:21.863157+00:00,
Mississippi-Valley-State-University,176044,exact,2026-09-07T12:33:21.863157+00:00,
Missouri-Baptist-University,178244,exact,2026-09-07T12:33:21.863157+00:00,
Missouri-Southern-State-University,178341,exact,2026-09-07T12:33:21.863157+00:00,
Missouri-State-University,179566,trigram_city,2026-09-07T12:33:21.863157+00:00,
Missouri-University-of-Science-and-Technology,178411,exact,2026-09-07T12:33:21.863157+00:00,
Missouri-Valley-College,178369,exact,2026-09-07T12:33:21.863157+00:00,
Missouri-Western-State-University,178387,exact,2026-09-07T12:33:21.863157+00:00,
Mitchell-College,129774,exact,2026-09-07T12:33:21.863157+00:00,
Molloy-University,193292,exact,2026-09-07T12:33:21.863157+00:00,
Monmouth-College,147341,exact,2026-09-07T12:33:21.863157+00:00,
Monmouth-University,185572,exact,2026-09-07T12:33:21.863157+00:00,
Monroe-College,193308,token_city,2026-09-07T12:33:21.863157+00:00,
Montana-Bible-College,,unmatched,2026-09-07T12:33:21.863157+00:00,no plausible IPEDS candidate
Montana-State-University,180461,exact,2026-09-07T12:33:21.863157+00:00,
Montana-State-University-Billings,180179,exact,2026-09-07T12:33:21.863157+00:00,
Montana-State-University-Northern,180522,exact,2026-09-07T12:33:21.863157+00:00,
Montana-Technological-University,180416,exact,2026-09-07T12:33:21.863157+00:00,
Montclair-State-University,185590,exact,2026-09-07T12:33:21.863157+00:00,
Montreat-College,199032,exact,2026-09-07T12:33:21.863157+00:00,
Montserrat-College-of-Art,166911,exact,2026-09-07T12:33:21.863157+00:00,
Moody-Bible-Institute,147369,exact,2026-09-07T12:33:21.863157+00:00,
Moore-College-of-Art-and-Design,214148,exact,2026-09-07T12:33:21.863157+00:00,
Moravian-University,214157,exact,2026-09-07T12:33:21.863157+00:00,
Morehead-State-University,157386,exact,2026-09-07T12:33:21.863157+00:00,
Morehouse-College,140553,exact,2026-09-07T12:33:21.863157+00:00,
Morgan-Community-College,127617,exact,2026-09-07T12:33:21.863157+00:00,
Morgan-State-University,163453,exact,2026-09-07T12:33:21.863157+00:00,
Morningside-College,154004,token_city,2026-09-07T12:33:21.863157+00:00,
Morris-Brown-College,140571,exact,2026-09-07T12:33:21.863157+00:00,
Morris-College,218399,exact,2026-09-07T12:33:21.863157+00:00,
Mount-Aloysius-College,214166,exact,2026-09-07T12:33:21.863157+00:00,
Mount-Angel-Seminary,209241,exact,2026-09-07T12:33:21.863157+00:00,
Mount-Carmel-College-of-Nursing,204176,exact,2026-09-07T12:33:21.863157+00:00,
Mount-Holyoke-College,166939,exact,2026-09-07T12:33:21.863157+00:00,
Mount-Marty-University,219198,exact,2026-09-07T12:33:21.863157+00:00,
Mount-Mary-University,239390,exact,2026-09-07T12:33:21.863157+00:00,
Mount-Mercy-University,154013,exact,2026-09-07T12:33:21.863157+00:00,
Mount-Saint-Marys-University,119173,exact,2026-09-07T12:33:21.863157+00:00,
Mount-Saint-Marys-University-Doheny-Campus,,unmatched,2026-09-07T12:33:21.863157+00:00,multi-campus collision on unitid 119173; kept slug='Mount-Saint-Marys-University'
Mount-St-Mary-College,193353,trigram_city,2026-09-07T12:33:21.863157+00:00,
Mount-St-Marys-University,163462,exact,2026-09-07T12:33:21.863157+00:00,
Mount-Vernon-Nazarene-University,204194,exact,2026-09-07T12:33:21.863157+00:00,
Muhlenberg-College,214175,exact,2026-09-07T12:33:21.863157+00:00,
Multnomah-University,,unmatched,2026-09-07T12:33:21.863157+00:00,"no confident single candidate in Portland, OR"
Murray-State-University,157401,exact,2026-09-07T12:33:21.863157+00:00,
Musicians-Institute,119270,exact,2026-09-07T12:33:21.863157+00:00,
NUC-University-Florida-Technical-College-Cutler-Bay,,unmatched,2026-09-07T12:33:21.863157+00:00,NUC's only unitid is its Bayamon PR campus; no FL row
NUC-University-Florida-Technical-College-Deland,,unmatched,2026-09-07T12:33:21.863157+00:00,NUC's only unitid is its Bayamon PR campus; no FL row
NUC-University-Florida-Technical-College-Kissimmee,,unmatched,2026-09-07T12:33:21.863157+00:00,NUC's only unitid is its Bayamon PR campus; no FL row
NUC-University-Florida-Technical-College-Lakeland,,unmatched,2026-09-07T12:33:21.863157+00:00,NUC's only unitid is its Bayamon PR campus; no FL row
NUC-University-Florida-Technical-College-Pembroke-Pines,,unmatched,2026-09-07T12:33:21.863157+00:00,NUC's only unitid is its Bayamon PR campus; no FL row
NUC-University-Florida-Technical-College-Tampa,,unmatched,2026-09-07T12:33:21.863157+00:00,multi-campus collision on unitid 137847; kept slug='Everglades-University-Tampa'
Naropa-University,127653,exact,2026-09-07T12:33:21.863157+00:00,
National-American-University,219204,trigram_city,2026-09-07T12:33:21.863157+00:00,
National-College-of-Midwifery,,unmatched,2026-09-07T12:33:21.863157+00:00,"tiny specialized program, no IPEDS row"
National-Intelligence-University,,unmatched,2026-09-07T12:33:21.863157+00:00,"federal DoD institution, not in the Title-IV IPEDS universe"
National-Louis-University,147536,exact,2026-09-07T12:33:21.863157+00:00,
National-Paralegal-College,,unmatched,2026-09-07T12:33:21.863157+00:00,no plausible IPEDS candidate; online for-profit
National-University-College-Arecibo,,unmatched,2026-09-07T12:33:21.863157+00:00,no exact-city NUC unitid (only Bayamon exists)
National-University-College-Bayamon,242972,manual,2026-09-07T12:33:21.863157+00:00,"NUC University, exact city (Bayamon)"
National-University-College-Caguas,,unmatched,2026-09-07T12:33:21.863157+00:00,no exact-city NUC unitid (only Bayamon exists)
National-University-College-Ponce,,unmatched,2026-09-07T12:33:21.863157+00:00,no exact-city NUC unitid (only Bayamon exists)
National-University-College-Rio-Grande,,unmatched,2026-09-07T12:33:21.863157+00:00,multi-campus collision on unitid 205203; kept slug='University-of-Rio-Grande'
National-University-San-Diego-CA,119605,exact,2026-09-07T12:33:21.863157+00:00,
National-University-of-Health-Sciences,147590,exact,2026-09-07T12:33:21.863157+00:00,
National-University-of-Natural-Medicine,209296,exact,2026-09-07T12:33:21.863157+00:00,
NationsUniversity,,unmatched,2026-09-07T12:33:21.863157+00:00,no plausible IPEDS candidate; online
Navajo-Technical-University,187596,exact,2026-09-07T12:33:21.863157+00:00,
Nazarene-Bible-College,127714,exact,2026-09-07T12:33:21.863157+00:00,
Nazareth-College,193584,token_city,2026-09-07T12:33:21.863157+00:00,
Nebraska-Methodist-College,181297,exact,2026-09-07T12:33:21.863157+00:00,
Nebraska-Wesleyan-University,181446,exact,2026-09-07T12:33:21.863157+00:00,
Ner-Israel-Rabbinical-College,163532,exact,2026-09-07T12:33:21.863157+00:00,
Neumann-University,214272,exact,2026-09-07T12:33:21.863157+00:00,
Neumont-College-of-Computer-Science,445692,exact,2026-09-07T12:33:21.863157+00:00,
Nevada-State-College,441900,token_city,2026-09-07T12:33:21.863157+00:00,
New-College-of-Florida,262129,exact,2026-09-07T12:33:21.863157+00:00,
New-England-College,182980,exact,2026-09-07T12:33:21.863157+00:00,
New-England-Conservatory-of-Music,167057,trigram_city,2026-09-07T12:33:21.863157+00:00,
New-England-Institute-of-Technology,217305,exact,2026-09-07T12:33:21.863157+00:00,
New-Hampshire-Institute-of-Art,,unmatched,2026-09-07T12:33:21.863157+00:00,merged into New England College years ago; no current separate row
New-Hope-Christian-College,208725,trigram_city,2026-09-07T12:33:21.863157+00:00,
New-Jersey-City-University,185129,exact,2026-09-07T12:33:21.863157+00:00,
New-Jersey-Institute-of-Technology,185828,exact,2026-09-07T12:33:21.863157+00:00,
New-Mexico-Highlands-University,187897,exact,2026-09-07T12:33:21.863157+00:00,
New-Mexico-Institute-of-Mining-and-Technology,187967,exact,2026-09-07T12:33:21.863157+00:00,
New-Mexico-State-University,188030,exact,2026-09-07T12:33:21.863157+00:00,
New-Orleans-Baptist-Theological-Seminary,159948,exact,2026-09-07T12:33:21.863157+00:00,
New-Saint-Andrews-College,,unmatched,2026-09-07T12:33:21.863157+00:00,no plausible IPEDS candidate
New-World-School-of-the-Arts,,unmatched,2026-09-07T12:33:21.863157+00:00,no separate IPEDS row (operates jointly with Miami Dade College)
New-York-City-College-of-Technology,190655,trigram_city,2026-09-07T12:33:21.863157+00:00,
New-York-College-of-Health-Professions,,unmatched,2026-09-07T12:33:21.863157+00:00,no plausible IPEDS candidate
New-York-Film-Academy,461148,exact,2026-09-07T12:33:21.863157+00:00,
New-York-Institute-of-Technology,194091,exact,2026-09-07T12:33:21.863157+00:00,
New-York-School-of-Interior-Design,194116,exact,2026-09-07T12:33:21.863157+00:00,
New-York-University,193900,exact,2026-09-07T12:33:21.863157+00:00,
NewSchool-of-Architecture-and-Design,119775,exact,2026-09-07T12:33:21.863157+00:00,
NewU-University,,unmatched,2026-09-07T12:33:21.863157+00:00,no plausible IPEDS candidate
Newberry-College,218414,exact,2026-09-07T12:33:21.863157+00:00,
Newman-University,155335,exact,2026-09-07T12:33:21.863157+00:00,
Niagara-University,193973,exact,2026-09-07T12:33:21.863157+00:00,
Nicholls-State-University,159966,exact,2026-09-07T12:33:21.863157+00:00,
Nichols-College,167260,exact,2026-09-07T12:33:21.863157+00:00,
Nightingale-College,444787,exact,2026-09-07T12:33:21.863157+00:00,
Norfolk-State-University,232937,exact,2026-09-07T12:33:21.863157+00:00,
North-American-University,461795,exact,2026-09-07T12:33:21.863157+00:00,
North-Carolina-A-T-State-University,199102,exact,2026-09-07T12:33:21.863157+00:00,
North-Carolina-Central-University,199157,exact,2026-09-07T12:33:21.863157+00:00,
North-Carolina-State-University,199193,token_city,2026-09-07T12:33:21.863157+00:00,
North-Carolina-Wesleyan-University,199209,exact,2026-09-07T12:33:21.863157+00:00,
North-Central-College,147660,exact,2026-09-07T12:33:21.863157+00:00,
North-Central-State-College,204422,exact,2026-09-07T12:33:21.863157+00:00,
North-Central-University,174437,exact,2026-09-07T12:33:21.863157+00:00,
North-Dakota-State-University,200332,token_city,2026-09-07T12:33:21.863157+00:00,
North-Florida-College,136145,exact,2026-09-07T12:33:21.863157+00:00,
North-Greenville-University,218441,exact,2026-09-07T12:33:21.863157+00:00,
North-Park-University,147679,exact,2026-09-07T12:33:21.863157+00:00,
North-Seattle-College,236072,exact,2026-09-07T12:33:21.863157+00:00,
North-West-College-San-Diego,494746,exact,2026-09-07T12:33:21.863157+00:00,
Northeastern-Illinois-University,147776,exact,2026-09-07T12:33:21.863157+00:00,
Northeastern-State-University,207263,exact,2026-09-07T12:33:21.863157+00:00,
Northeastern-University,167358,exact,2026-09-07T12:33:21.863157+00:00,
Northeastern-University-Oakland,118888,exact,2026-09-07T12:33:21.863157+00:00,
Northern-Arizona-University,105330,exact,2026-09-07T12:33:21.863157+00:00,
Northern-Illinois-University,147703,exact,2026-09-07T12:33:21.863157+00:00,
Northern-Kentucky-University,157447,exact,2026-09-07T12:33:21.863157+00:00,
Northern-Marianas-College,240790,exact,2026-09-07T12:33:21.863157+00:00,
Northern-Michigan-University,171456,exact,2026-09-07T12:33:21.863157+00:00,
Northern-New-Mexico-College,188058,exact,2026-09-07T12:33:21.863157+00:00,
Northern-State-University,219259,exact,2026-09-07T12:33:21.863157+00:00,
Northpoint-Bible-College,217606,exact,2026-09-07T12:33:21.863157+00:00,
Northwest-College-of-Art-and-Design,377546,exact,2026-09-07T12:33:21.863157+00:00,
Northwest-Florida-State-College,136233,exact,2026-09-07T12:33:21.863157+00:00,
Northwest-Indian-College,380377,exact,2026-09-07T12:33:21.863157+00:00,
Northwest-Missouri-State-University,178624,exact,2026-09-07T12:33:21.863157+00:00,
Northwest-Nazarene-University,142461,exact,2026-09-07T12:33:21.863157+00:00,
Northwest-University,236133,exact,2026-09-07T12:33:21.863157+00:00,
Northwest-University-Center-for-Online-and-Extended-Education,487603,exact,2026-09-07T12:33:21.863157+00:00,
Northwestern-College,154101,exact,2026-09-07T12:33:21.863157+00:00,
Northwestern-Health-Sciences-University,174507,exact,2026-09-07T12:33:21.863157+00:00,
Northwestern-Michigan-College,171483,exact,2026-09-07T12:33:21.863157+00:00,
Northwestern-Oklahoma-State-University,207306,exact,2026-09-07T12:33:21.863157+00:00,
Northwestern-State-University-of-Louisiana,160038,exact,2026-09-07T12:33:21.863157+00:00,
Northwestern-University,147767,exact,2026-09-07T12:33:21.863157+00:00,
Northwood-University,171492,exact,2026-09-07T12:33:21.863157+00:00,
Norwich-University,230995,exact,2026-09-07T12:33:21.863157+00:00,
Nossi-College-of-Art,368452,trigram_city,2026-09-07T12:33:21.863157+00:00,
Notre-Dame-de-Namur-University-Belmont-CA,120184,exact,2026-09-07T12:33:21.863157+00:00,
Notre-Dame-of-Maryland-University,163578,exact,2026-09-07T12:33:21.863157+00:00,
Nova-Southeastern-University,136215,exact,2026-09-07T12:33:21.863157+00:00,
Nueta-Hidatsa-Sahnish-College,200086,exact,2026-09-07T12:33:21.863157+00:00,
Oak-Hills-Christian-College,174525,exact,2026-09-07T12:33:21.863157+00:00,
Oak-Valley-College-Rialto,495059,trigram_city,2026-09-07T12:33:21.863157+00:00,
Oakland-City-University,152099,exact,2026-09-07T12:33:21.863157+00:00,
Oakland-University,171571,exact,2026-09-07T12:33:21.863157+00:00,
Oakwood-University,101912,exact,2026-09-07T12:33:21.863157+00:00,
Oberlin-College,204501,exact,2026-09-07T12:33:21.863157+00:00,
Occidental-College,120254,exact,2026-09-07T12:33:21.863157+00:00,
Odessa-College,227304,exact,2026-09-07T12:33:21.863157+00:00,
Oglala-Lakota-College,219277,exact,2026-09-07T12:33:21.863157+00:00,
Oglethorpe-University,140696,exact,2026-09-07T12:33:21.863157+00:00,
Ohio-Christian-University,201964,exact,2026-09-07T12:33:21.863157+00:00,
Ohio-Dominican-University,204617,exact,2026-09-07T12:33:21.863157+00:00,
Ohio-Northern-University,204635,exact,2026-09-07T12:33:21.863157+00:00,
Ohio-State-Universitity-at-Marion,204699,trigram_city,2026-09-07T12:33:21.863157+00:00,
Ohio-State-Universitiy-at-Lima,204671,trigram_city,2026-09-07T12:33:21.863157+00:00,
Ohio-State-University,204796,trigram_city,2026-09-07T12:33:21.863157+00:00,
Ohio-State-University-at-Mansfield,204680,trigram_city,2026-09-07T12:33:21.863157+00:00,
Ohio-State-University-at-Newark,204705,trigram_city,2026-09-07T12:33:21.863157+00:00,
Ohio-University-Athens,,unmatched,2026-09-07T12:33:21.863157+00:00,multi-campus collision on unitid 100812; kept slug='Athens-State-University'
Ohio-University-Chillicothe,204820,trigram_city,2026-09-07T12:33:21.863157+00:00,
Ohio-University-Eastern,204802,manual,2026-09-07T12:33:21.863157+00:00,"Ohio University-Eastern Campus, exact city (Saint Clairsville)"
Ohio-University-Lancaster,204848,trigram_city,2026-09-07T12:33:21.863157+00:00,
Ohio-University-Southern,204839,trigram_city,2026-09-07T12:33:21.863157+00:00,
Ohio-University-Zanesville,204866,trigram_city,2026-09-07T12:33:21.863157+00:00,
Ohio-Wesleyan-University,204909,exact,2026-09-07T12:33:21.863157+00:00,
Ohr-Hameir-Theological-Seminary,194189,exact,2026-09-07T12:33:21.863157+00:00,
Ohr-Somayach-Tanenbaum-Educational-Center,,unmatched,2026-09-07T12:33:21.863157+00:00,"small yeshiva, no plausible IPEDS candidate"
Oklahoma-Baptist-University,207403,exact,2026-09-07T12:33:21.863157+00:00,
Oklahoma-Christian-University,207324,exact,2026-09-07T12:33:21.863157+00:00,
Oklahoma-City-University,207458,exact,2026-09-07T12:33:21.863157+00:00,
Oklahoma-Panhandle-State-University,207351,exact,2026-09-07T12:33:21.863157+00:00,
Oklahoma-State-University-Institute-of-Technology,207564,exact,2026-09-07T12:33:21.863157+00:00,
Oklahoma-State-University-Oklahoma-City,207397,exact,2026-09-07T12:33:21.863157+00:00,
Oklahoma-State-University-Stillwater,207388,single_city,2026-09-07T12:33:21.863157+00:00,
Oklahoma-Wesleyan-University,206835,exact,2026-09-07T12:33:21.863157+00:00,
Old-Dominion-University,232982,exact,2026-09-07T12:33:21.863157+00:00,
Olin-College-of-Engineering,441982,exact,2026-09-07T12:33:21.863157+00:00,
Olivet-College,171599,token_city,2026-09-07T12:33:21.863157+00:00,
Olivet-Nazarene-University,147828,exact,2026-09-07T12:33:21.863157+00:00,
Olympic-College,236188,exact,2026-09-07T12:33:21.863157+00:00,
Oral-Roberts-University,207582,exact,2026-09-07T12:33:21.863157+00:00,
Oregon-Health-Science-University,209490,exact,2026-09-07T12:33:21.863157+00:00,
Oregon-Institute-of-Technology,209506,exact,2026-09-07T12:33:21.863157+00:00,
Oregon-State-University,209542,exact,2026-09-07T12:33:21.863157+00:00,
Oregon-State-University-Cascades,440828,trigram_city,2026-09-07T12:33:21.863157+00:00,
Orion-Technical-College,153427,exact,2026-09-07T12:33:21.863157+00:00,
Otis-College-of-Art-and-Design,120403,exact,2026-09-07T12:33:21.863157+00:00,
Ottawa-University,155627,trigram,2026-09-07T12:33:21.863157+00:00,
Ottawa-University-Surprise,464226,exact,2026-09-07T12:33:21.863157+00:00,
Otterbein-University,204936,exact,2026-09-07T12:33:21.863157+00:00,
Ouachita-Baptist-University,107512,exact,2026-09-07T12:33:21.863157+00:00,
Our-Lady-of-the-Lake-University,227331,exact,2026-09-07T12:33:21.863157+00:00,
Ozark-Christian-College,178679,exact,2026-09-07T12:33:21.863157+00:00,
PCI-College,439871,exact,2026-09-07T12:33:21.863157+00:00,
Pace-University,194310,exact,2026-09-07T12:33:21.863157+00:00,
Pace-University-Westchester-Campus,,unmatched,2026-09-07T12:33:21.863157+00:00,no exact-city IPEDS row for this Pace satellite
Pacific-Bible-College,407610,exact,2026-09-07T12:33:21.863157+00:00,
Pacific-College,422695,exact,2026-09-07T12:33:21.863157+00:00,
Pacific-Islands-University,439862,exact,2026-09-07T12:33:21.863157+00:00,
Pacific-Lutheran-University,236230,exact,2026-09-07T12:33:21.863157+00:00,
Pacific-Northwest-College-of-Art,,unmatched,2026-09-07T12:33:21.863157+00:00,"merged into Willamette University (2020), no current separate row"
Pacific-Oaks-College,120768,exact,2026-09-07T12:33:21.863157+00:00,
Pacific-Rim-Christian-University,457484,exact,2026-09-07T12:33:21.863157+00:00,
Pacific-States-University,120838,exact,2026-09-07T12:33:21.863157+00:00,
Pacific-Union-College,120865,exact,2026-09-07T12:33:21.863157+00:00,
Pacific-University,209612,exact,2026-09-07T12:33:21.863157+00:00,
Paine-College,140720,exact,2026-09-07T12:33:21.863157+00:00,
Palm-Beach-Atlantic-University,136330,exact,2026-09-07T12:33:21.863157+00:00,
Palm-Beach-State-College,136358,exact,2026-09-07T12:33:21.863157+00:00,
Palmer-College-of-Chiropractic,154174,exact,2026-09-07T12:33:21.863157+00:00,
Palo-Alto-University,120698,exact,2026-09-07T12:33:21.863157+00:00,
Park-University,178721,exact,2026-09-07T12:33:21.863157+00:00,
Park-University-Gilbert,,unmatched,2026-09-07T12:33:21.863157+00:00,multi-campus collision on unitid 178721; kept slug='Park-University'
Pasco-Hernando-State-College,136400,exact,2026-09-07T12:33:21.863157+00:00,
Pathways-College,,unmatched,2026-09-07T12:33:21.863157+00:00,no plausible IPEDS candidate
Patrick-Henry-College,,unmatched,2026-09-07T12:33:21.863157+00:00,plan §4.6: confirmed no Title-IV IPEDS row
Paul-Quinn-College,227429,exact,2026-09-07T12:33:21.863157+00:00,
Paul-Smiths-College,194392,exact,2026-09-07T12:33:21.863157+00:00,
Peabody-Conservatory-of-Johns-Hopkins-University,,unmatched,2026-09-07T12:33:21.863157+00:00,multi-campus collision on unitid 162928; kept slug='Johns-Hopkins-University'
Peirce-College,214883,exact,2026-09-07T12:33:21.863157+00:00,
Peninsula-College,236258,exact,2026-09-07T12:33:21.863157+00:00,
Penn-State-Abington,214801,token_city,2026-09-07T12:33:21.863157+00:00,
Penn-State-Altoona,214689,token_city,2026-09-07T12:33:21.863157+00:00,
Penn-State-Beaver,214698,token_city,2026-09-07T12:33:21.863157+00:00,
Penn-State-Berks,214704,token_city,2026-09-07T12:33:21.863157+00:00,
Penn-State-Brandywine,214731,token_city,2026-09-07T12:33:21.863157+00:00,
Penn-State-DuBois,214740,token_city,2026-09-07T12:33:21.863157+00:00,
Penn-State-Erie-The-Behrend-College,214591,token_city,2026-09-07T12:33:21.863157+00:00,
Penn-State-Fayette-The-Eberly-Campus,214759,token_city,2026-09-07T12:33:21.863157+00:00,
Penn-State-Greater-Allegheny,214786,token_city,2026-09-07T12:33:21.863157+00:00,
Penn-State-Harrisburg,214713,token_city,2026-09-07T12:33:21.863157+00:00,
Penn-State-Hazleton,214768,token_city,2026-09-07T12:33:21.863157+00:00,
Penn-State-Lehigh-Valley,214670,token_city,2026-09-07T12:33:21.863157+00:00,
Penn-State-Mont-Alto,214795,token_city,2026-09-07T12:33:21.863157+00:00,
Penn-State-New-Kensington,214625,token_city,2026-09-07T12:33:21.863157+00:00,
Penn-State-Schuylkill,214810,token_city,2026-09-07T12:33:21.863157+00:00,
Penn-State-Shenango,214634,token_city,2026-09-07T12:33:21.863157+00:00,
Penn-State-University-Park,214777,manual,2026-09-07T12:33:21.863157+00:00,"Pennsylvania State University-Main Campus, exact city -- not the World Campus brand"
Penn-State-Wilkes-Barre,214643,token_city,2026-09-07T12:33:21.863157+00:00,
Penn-State-Worthington-Scranton,214652,manual,2026-09-07T12:33:21.863157+00:00,"Pennsylvania State University-Penn State Scranton, Dunmore is adjacent to Scranton"
Penn-State-York,214829,manual,2026-09-07T12:33:21.863157+00:00,"Pennsylvania State University-Penn State York, exact city"
PennWest-Edinboro,,unmatched,2026-09-07T12:33:21.863157+00:00,multi-campus collision on unitid 498571; kept slug='Pennsylvania-Western-University'
Pennsylvania-Academy-of-the-Fine-Arts,214971,exact,2026-09-07T12:33:21.863157+00:00,
Pennsylvania-College-of-Art-Design,215053,exact,2026-09-07T12:33:21.863157+00:00,
Pennsylvania-College-of-Health-Sciences,,unmatched,2026-09-07T12:33:21.863157+00:00,no confident current IPEDS row identified
Pennsylvania-College-of-Technology,366252,exact,2026-09-07T12:33:21.863157+00:00,
Pennsylvania-Institute-of-Technology,214582,exact,2026-09-07T12:33:21.863157+00:00,
Pennsylvania-State-University-World-Campus,479956,exact,2026-09-07T12:33:21.863157+00:00,
Pennsylvania-Western-University,498571,exact,2026-09-07T12:33:21.863157+00:00,
Pensacola-Christian-College,,unmatched,2026-09-07T12:33:21.863157+00:00,declines Title IV funding by policy; not in IPEDS
Pensacola-State-College,136473,exact,2026-09-07T12:33:21.863157+00:00,
Pepperdine-University,121150,exact,2026-09-07T12:33:21.863157+00:00,
Peru-State-College,181534,exact,2026-09-07T12:33:21.863157+00:00,
Pfeiffer-University,199306,exact,2026-09-07T12:33:21.863157+00:00,
Philander-Smith-College,107600,token_city,2026-09-07T12:33:21.863157+00:00,
Phillips-Beth-Israel-School-of-Nursing,189282,manual,2026-09-07T12:33:21.863157+00:00,"Mount Sinai Phillips School of Nursing (post-merger name), exact city"
Piedmont-University,140818,exact,2026-09-07T12:33:21.863157+00:00,
Pierce-College-Fort-Steilacoom,235237,manual,2026-09-07T12:33:21.863157+00:00,"Pierce College District, exact city (Lakewood)"
Pikes-Peak-State-College,127820,exact,2026-09-07T12:33:21.863157+00:00,
Pillar-College,440794,exact,2026-09-07T12:33:21.863157+00:00,
Pima-Medical-Institute-San-Antonio-San-Antonio-TX,,unmatched,2026-09-07T12:33:21.863157+00:00,multi-campus collision on unitid 227924; kept slug='ECPI-University-San-Antonio'
Pima-Medical-Institute-Tucson,105534,exact,2026-09-07T12:33:21.863157+00:00,
Pittsburg-State-University,155681,exact,2026-09-07T12:33:21.863157+00:00,
Pitzer-College,121257,exact,2026-09-07T12:33:21.863157+00:00,
Platt-College-Alhambra-CA,260789,token_city,2026-09-07T12:33:21.863157+00:00,
Platt-College-Anaheim-Anaheim-CA,490878,exact,2026-09-07T12:33:21.863157+00:00,
Platt-College-Ontario-CA,432384,trigram_city,2026-09-07T12:33:21.863157+00:00,
Platt-College-Riverside-CA,480204,token_city,2026-09-07T12:33:21.863157+00:00,
Plaza-College,194499,exact,2026-09-07T12:33:21.863157+00:00,
Plymouth-State-University,183080,exact,2026-09-07T12:33:21.863157+00:00,
Point-Loma-Nazarene-University,121309,exact,2026-09-07T12:33:21.863157+00:00,
Point-Park-University,215442,exact,2026-09-07T12:33:21.863157+00:00,
Point-University,138868,exact,2026-09-07T12:33:21.863157+00:00,
Polytechnic-University-of-Puerto-Rico-Miami-Campus,456481,trigram_city,2026-09-07T12:33:21.863157+00:00,
Polytechnic-University-of-Puerto-Rico-Orlando-Campus,456490,exact,2026-09-07T12:33:21.863157+00:00,
Polytechnic-University-of-Puerto-Rico-San-Juan,,unmatched,2026-09-07T12:33:21.863157+00:00,multi-campus collision on unitid 243832; kept slug='EDP-University-of-Puerto-Rico-Hato-Rey-PR'
Pomona-College,121345,exact,2026-09-07T12:33:21.863157+00:00,
Ponce-Health-Sciences-University,243081,exact,2026-09-07T12:33:21.863157+00:00,
Ponce-Health-Sciences-University-St-Louis,494010,exact,2026-09-07T12:33:21.863157+00:00,
Pontifical-Catholic-University-of-Puerto-Rico,241410,trigram,2026-09-07T12:33:21.863157+00:00,
Pontifical-Catholic-University-of-Puerto-Rico-Arecibo-Campus,241395,trigram,2026-09-07T12:33:21.863157+00:00,
Pontifical-Catholic-University-of-Puerto-Rico-Mayaguez-Campus,243586,trigram,2026-09-07T12:33:21.863157+00:00,
Pontifical-College-Josephinum,205027,exact,2026-09-07T12:33:21.863157+00:00,
Portland-Bible-College,,unmatched,2026-09-07T12:33:21.863157+00:00,multi-campus collision on unitid 209825; kept slug='University-of-Portland'
Portland-State-University,209807,exact,2026-09-07T12:33:21.863157+00:00,
Post-University,130183,exact,2026-09-07T12:33:21.863157+00:00,
Potomac-State-College-of-West-Virginia-University,237701,exact,2026-09-07T12:33:21.863157+00:00,
Prairie-View-A-M-University,227526,exact,2026-09-07T12:33:21.863157+00:00,
Pratt-Institute,194578,exact,2026-09-07T12:33:21.863157+00:00,
Presbyterian-College,218539,exact,2026-09-07T12:33:21.863157+00:00,
Prescott-College,105589,exact,2026-09-07T12:33:21.863157+00:00,
Princeton-University,186131,exact,2026-09-07T12:33:21.863157+00:00,
Principia-College,,unmatched,2026-09-07T12:33:21.863157+00:00,no IPEDS row found for this name
Professional-Skills-Institute,205054,exact,2026-09-07T12:33:21.863157+00:00,
Professional-University-Dr-Carlos-J-Borrero-Rios,493673,exact,2026-09-07T12:33:21.863157+00:00,
Providence-Christian-College,455770,exact,2026-09-07T12:33:21.863157+00:00,
Providence-College,217402,exact,2026-09-07T12:33:21.863157+00:00,
Provo-College,380438,exact,2026-09-07T12:33:21.863157+00:00,
Provo-College-Idaho-Falls-Campus,496283,exact,2026-09-07T12:33:21.863157+00:00,
Pueblo-Community-College,127884,exact,2026-09-07T12:33:21.863157+00:00,
Purchase-College,196219,exact,2026-09-07T12:33:21.863157+00:00,
Purdue-University,243780,manual,2026-09-07T12:33:21.863157+00:00,"Purdue University-Main Campus, exact city -- not Purdue Global (the online brand)"
Purdue-University-Global-West-Lafayette-IN,489779,exact,2026-09-07T12:33:21.863157+00:00,
Purdue-University-Indianapolis,,unmatched,2026-09-07T12:33:21.863157+00:00,multi-campus collision on unitid 151263; kept slug='University-of-Indianapolis'
Purdue-University-Northwest,490805,exact,2026-09-07T12:33:21.863157+00:00,
Purdue-University-Purdue-Polytechnic-Anderson,,unmatched,2026-09-07T12:33:21.863157+00:00,satellite instructional site; too uncertain which Purdue unitid to attribute to
Purdue-University-Purdue-Polytechnic-Columbus,,unmatched,2026-09-07T12:33:21.863157+00:00,satellite instructional site; too uncertain which Purdue unitid to attribute to
Purdue-University-Purdue-Polytechnic-Indianapolis,,unmatched,2026-09-07T12:33:21.863157+00:00,multi-campus collision on unitid 151263; kept slug='University-of-Indianapolis'
Purdue-University-Purdue-Polytechnic-Kokomo,,unmatched,2026-09-07T12:33:21.863157+00:00,satellite instructional site; too uncertain which Purdue unitid to attribute to
Purdue-University-Purdue-Polytechnic-Lafayette,,unmatched,2026-09-07T12:33:21.863157+00:00,satellite instructional site; too uncertain which Purdue unitid to attribute to
Purdue-University-Purdue-Polytechnic-New-Albany,,unmatched,2026-09-07T12:33:21.863157+00:00,satellite instructional site; too uncertain which Purdue unitid to attribute to
Purdue-University-Purdue-Polytechnic-Vincennes,,unmatched,2026-09-07T12:33:21.863157+00:00,multi-campus collision on unitid 152637; kept slug='Vincennes-University'
Queens-College-City-University-of-New-York,190664,manual,2026-09-07T12:33:21.863157+00:00,"CUNY Queens College, direct name lookup"
Queens-University-of-Charlotte,199412,exact,2026-09-07T12:33:21.863157+00:00,
Quincy-University,148131,exact,2026-09-07T12:33:21.863157+00:00,
Quinnipiac-University,130226,exact,2026-09-07T12:33:21.863157+00:00,
Rabbi-Jacob-Joseph-School,384421,exact,2026-09-07T12:33:21.863157+00:00,
Rabbinical-Academy-Mesivta-Rabbi-Chaim-Berlin,194657,exact,2026-09-07T12:33:21.863157+00:00,
Rabbinical-College-Beth-Shraga,194693,exact,2026-09-07T12:33:21.863157+00:00,
Rabbinical-College-Bobover-Yeshiva-B-nei-Zion,194666,trigram_city,2026-09-07T12:33:21.863157+00:00,
Rabbinical-College-Ohr-Yisroel,484871,exact,2026-09-07T12:33:21.863157+00:00,
Rabbinical-College-Telshe,205124,exact,2026-09-07T12:33:21.863157+00:00,
Rabbinical-College-of-America,186186,exact,2026-09-07T12:33:21.863157+00:00,
Rabbinical-College-of-Long-Island,194736,exact,2026-09-07T12:33:21.863157+00:00,
Rabbinical-Seminary-Mkor-Chaim,194718,exact,2026-09-07T12:33:21.863157+00:00,
Radford-University,233277,exact,2026-09-07T12:33:21.863157+00:00,
Ramapo-College-of-New-Jersey,186201,exact,2026-09-07T12:33:21.863157+00:00,
Randall-University,207157,exact,2026-09-07T12:33:21.863157+00:00,
Randolph-College,233301,exact,2026-09-07T12:33:21.863157+00:00,
Randolph-Macon-College,233295,exact,2026-09-07T12:33:21.863157+00:00,
Ranken-Technical-College,178891,exact,2026-09-07T12:33:21.863157+00:00,
Rasmussen-University-Aurora,,unmatched,2026-09-07T12:33:21.863157+00:00,multi-campus collision on unitid 143118; kept slug='Aurora-University'
Rasmussen-University-Bloomington,,unmatched,2026-09-07T12:33:21.863157+00:00,multi-campus collision on unitid 175014; kept slug='Rasmussen-University-Eagan'
Rasmussen-University-Brooklyn-Park,,unmatched,2026-09-07T12:33:21.863157+00:00,multi-campus collision on unitid 175014; kept slug='Rasmussen-University-Eagan'
Rasmussen-University-Central-Pasco,,unmatched,2026-09-07T12:33:21.863157+00:00,multi-campus collision on unitid 138309; kept slug='Rasmussen-University-Ocala'
Rasmussen-University-Eagan,175014,manual,2026-09-07T12:33:21.863157+00:00,Rasmussen University-Minnesota; multi-campus collapse
Rasmussen-University-Fargo,200013,manual,2026-09-07T12:33:21.863157+00:00,"Rasmussen University-North Dakota, exact city"
Rasmussen-University-Fort-Myers,,unmatched,2026-09-07T12:33:21.863157+00:00,multi-campus collision on unitid 138309; kept slug='Rasmussen-University-Ocala'
Rasmussen-University-Green-Bay,,unmatched,2026-09-07T12:33:21.863157+00:00,multi-campus collision on unitid 450571; kept slug='Rasmussen-University-Wausau'
Rasmussen-University-Kansas-City-Overland-Park,,unmatched,2026-09-07T12:33:21.863157+00:00,multi-campus collision on unitid 480657; kept slug='Rasmussen-University-Topeka'
Rasmussen-University-Mankato,,unmatched,2026-09-07T12:33:21.863157+00:00,multi-campus collision on unitid 175014; kept slug='Rasmussen-University-Eagan'
Rasmussen-University-Mokena-Tinley-Park,,unmatched,2026-09-07T12:33:21.863157+00:00,no Illinois Rasmussen unitid exists
Rasmussen-University-Moorhead,,unmatched,2026-09-07T12:33:21.863157+00:00,multi-campus collision on unitid 175014; kept slug='Rasmussen-University-Eagan'
Rasmussen-University-Ocala,138309,trigram_city,2026-09-07T12:33:21.863157+00:00,
Rasmussen-University-Ocala-School-of-Nursing,,unmatched,2026-09-07T12:33:21.863157+00:00,multi-campus collision on unitid 138309; kept slug='Rasmussen-University-Ocala'
Rasmussen-University-Rockford,,unmatched,2026-09-07T12:33:21.863157+00:00,multi-campus collision on unitid 148405; kept slug='Rockford-University'
Rasmussen-University-Romeoville-Joliet,,unmatched,2026-09-07T12:33:21.863157+00:00,no Illinois Rasmussen unitid exists
Rasmussen-University-St-Cloud,,unmatched,2026-09-07T12:33:21.863157+00:00,multi-campus collision on unitid 175014; kept slug='Rasmussen-University-Eagan'
Rasmussen-University-Tampa-Brandon,,unmatched,2026-09-07T12:33:21.863157+00:00,multi-campus collision on unitid 138309; kept slug='Rasmussen-University-Ocala'
Rasmussen-University-Topeka,480657,trigram_city,2026-09-07T12:33:21.863157+00:00,
Rasmussen-University-Wausau,450571,manual,2026-09-07T12:33:21.863157+00:00,Rasmussen University-Wisconsin; multi-campus collapse
Reach-University,497480,exact,2026-09-07T12:33:21.863157+00:00,
Redeemers-University-North-America,497462,exact,2026-09-07T12:33:21.863157+00:00,
Reed-College,209922,exact,2026-09-07T12:33:21.863157+00:00,
Reformed-University,,unmatched,2026-09-07T12:33:21.863157+00:00,plan §4.6: confirmed no Title-IV IPEDS row
Regent-University,231651,exact,2026-09-07T12:33:21.863157+00:00,
Regis-College,167598,exact,2026-09-07T12:33:21.863157+00:00,
Regis-University,127918,exact,2026-09-07T12:33:21.863157+00:00,
Reinhardt-University,140872,exact,2026-09-07T12:33:21.863157+00:00,
Remington-College-Dallas-Campus,,unmatched,2026-09-07T12:33:21.863157+00:00,multi-campus collision on unitid 224615; kept slug='Dallas-College-Richland'
Remington-College-Memphis-Campus,,unmatched,2026-09-07T12:33:21.863157+00:00,multi-campus collision on unitid 220862; kept slug='University-of-Memphis'
Remington-College-Shreveport,451866,trigram_city,2026-09-07T12:33:21.863157+00:00,
Rensselaer-Polytechnic-Institute,194824,exact,2026-09-07T12:33:21.863157+00:00,
Renton-Technical-College,236382,exact,2026-09-07T12:33:21.863157+00:00,
Research-College-of-Nursing,178989,exact,2026-09-07T12:33:21.863157+00:00,
Rhode-Island-College,217420,exact,2026-09-07T12:33:21.863157+00:00,
Rhode-Island-School-of-Design,217493,exact,2026-09-07T12:33:21.863157+00:00,
Rhodes-College,221351,exact,2026-09-07T12:33:21.863157+00:00,
Rice-University,227757,exact,2026-09-07T12:33:21.863157+00:00,
Rider-University,186283,exact,2026-09-07T12:33:21.863157+00:00,
Ringling-College-of-Art-and-Design,136774,exact,2026-09-07T12:33:21.863157+00:00,
Rio-Grande-Bible-Institute,,unmatched,2026-09-07T12:33:21.863157+00:00,"tiny bible institute, no IPEDS row"
Rio-Hondo-College,121886,exact,2026-09-07T12:33:21.863157+00:00,
Ripon-College,239628,exact,2026-09-07T12:33:21.863157+00:00,
Riverside-College-of-Health-Careers,233408,exact,2026-09-07T12:33:21.863157+00:00,
Rivier-University,183211,exact,2026-09-07T12:33:21.863157+00:00,
Roanoke-College,233426,exact,2026-09-07T12:33:21.863157+00:00,
Robert-Morris-University-Moon-Township-PA,215655,exact,2026-09-07T12:33:21.863157+00:00,
Roberts-Wesleyan-University,194958,exact,2026-09-07T12:33:21.863157+00:00,
Rochester-Christian-University,170967,trigram_city,2026-09-07T12:33:21.863157+00:00,
Rochester-Institute-of-Technology,195003,exact,2026-09-07T12:33:21.863157+00:00,
Rockford-University,148405,exact,2026-09-07T12:33:21.863157+00:00,
Rockhurst-University,179043,exact,2026-09-07T12:33:21.863157+00:00,
Rocky-Mountain-College,180595,exact,2026-09-07T12:33:21.863157+00:00,
Rocky-Mountain-College-of-Art-Design,127945,exact,2026-09-07T12:33:21.863157+00:00,
Roger-Williams-University,217518,exact,2026-09-07T12:33:21.863157+00:00,
Rogers-State-University,207661,exact,2026-09-07T12:33:21.863157+00:00,
Rollins-College,136950,exact,2026-09-07T12:33:21.863157+00:00,
Roosevelt-University,148487,exact,2026-09-07T12:33:21.863157+00:00,
Rose-Hulman-Institute-of-Technology,152318,exact,2026-09-07T12:33:21.863157+00:00,
Rosemont-College,215691,exact,2026-09-07T12:33:21.863157+00:00,
Rowan-University,184782,exact,2026-09-07T12:33:21.863157+00:00,
Rush-University,148511,exact,2026-09-07T12:33:21.863157+00:00,
Russell-Sage-College,195128,exact,2026-09-07T12:33:21.863157+00:00,
Rust-College,176318,exact,2026-09-07T12:33:21.863157+00:00,
Rutgers-The-State-University-of-New-Jersey,186380,exact_city,2026-09-07T12:33:21.863157+00:00,
Rutgers-The-State-University-of-New-Jersey-Camden,186371,token_city,2026-09-07T12:33:21.863157+00:00,
Rutgers-The-State-University-of-New-Jersey-Newark,186399,token_city,2026-09-07T12:33:21.863157+00:00,
SAE-Institute-Nashville,446525,trigram_city,2026-09-07T12:33:21.863157+00:00,
SUM-Bible-College-Theological-Seminary,447953,exact,2026-09-07T12:33:21.863157+00:00,
Sacred-Heart-Major-Seminary,172033,exact,2026-09-07T12:33:21.863157+00:00,
Sacred-Heart-University,130253,exact,2026-09-07T12:33:21.863157+00:00,
Saginaw-Valley-State-University,172051,exact,2026-09-07T12:33:21.863157+00:00,
Saint-Anselm-College,183239,exact,2026-09-07T12:33:21.863157+00:00,
Saint-Anthony-College-of-Nursing,149028,exact,2026-09-07T12:33:21.863157+00:00,
Saint-Francis-Medical-Center-College-of-Nursing,148575,exact,2026-09-07T12:33:21.863157+00:00,
Saint-Francis-University,215743,exact,2026-09-07T12:33:21.863157+00:00,
Saint-Johns-University,174792,trigram_city,2026-09-07T12:33:21.863157+00:00,
Saint-Joseph-Seminary-College,160409,exact,2026-09-07T12:33:21.863157+00:00,
Saint-Josephs-University,215770,trigram_city,2026-09-07T12:33:21.863157+00:00,
Saint-Josephs-University-School-of-Nursing-and-Allied-Health,442356,manual,2026-09-07T12:33:21.863157+00:00,"Saint Joseph's University - Lancaster, exact city"
Saint-Leo-University,137032,exact,2026-09-07T12:33:21.863157+00:00,
Saint-Louis-University,179159,exact,2026-09-07T12:33:21.863157+00:00,
Saint-Lukes-College-of-Nursing-and-Health-Sciences,,unmatched,2026-09-07T12:33:21.863157+00:00,"shortlist candidate is a different, unrelated nursing school"
Saint-Martins-University,236452,exact,2026-09-07T12:33:21.863157+00:00,
Saint-Mary-of-the-Woods-College,152381,exact,2026-09-07T12:33:21.863157+00:00,
Saint-Marys-College,152390,exact,2026-09-07T12:33:21.863157+00:00,
Saint-Marys-College-of-California,123554,exact,2026-09-07T12:33:21.863157+00:00,
Saint-Marys-University-of-Minnesota,174817,exact,2026-09-07T12:33:21.863157+00:00,
Saint-Michaels-College,231059,exact,2026-09-07T12:33:21.863157+00:00,
Saint-Peters-University,186432,exact,2026-09-07T12:33:21.863157+00:00,
Saint-Vincent-College,215798,exact,2026-09-07T12:33:21.863157+00:00,
Saint-Xavier-University,148627,exact,2026-09-07T12:33:21.863157+00:00,
Salem-College,199607,exact,2026-09-07T12:33:21.863157+00:00,
Salem-State-University,167729,exact,2026-09-07T12:33:21.863157+00:00,
Salem-University,237783,exact,2026-09-07T12:33:21.863157+00:00,
Salisbury-University,163851,exact,2026-09-07T12:33:21.863157+00:00,
Salish-Kootenai-College,180647,exact,2026-09-07T12:33:21.863157+00:00,
Salve-Regina-University,217536,exact,2026-09-07T12:33:21.863157+00:00,
Sam-Houston-State-University,227881,exact,2026-09-07T12:33:21.863157+00:00,
Samford-University,102049,exact,2026-09-07T12:33:21.863157+00:00,
Samuel-Merritt-University,122296,exact,2026-09-07T12:33:21.863157+00:00,
San-Diego-Christian-College,112084,exact,2026-09-07T12:33:21.863157+00:00,
San-Diego-City-College,,unmatched,2026-09-07T12:33:21.863157+00:00,multi-campus collision on unitid 122375; kept slug='San-Diego-Mesa-College'
San-Diego-Mesa-College,122375,exact,2026-09-07T12:33:21.863157+00:00,
San-Diego-State-University,122409,exact,2026-09-07T12:33:21.863157+00:00,
San-Diego-State-University-Imperial-Valley-Campus,,unmatched,2026-09-07T12:33:21.863157+00:00,multi-campus collision on unitid 122409; kept slug='San-Diego-State-University'
San-Francisco-Bay-University,,unmatched,2026-09-07T12:33:21.863157+00:00,no IPEDS row found for this name
San-Francisco-Conservatory-of-Music,122506,exact,2026-09-07T12:33:21.863157+00:00,
San-Francisco-State-University,122597,exact,2026-09-07T12:33:21.863157+00:00,
San-Ignacio-University,486239,exact,2026-09-07T12:33:21.863157+00:00,
San-Jacinto-College-North-Campus,227979,manual,2026-09-07T12:33:21.863157+00:00,San Jacinto Community College; multi-campus collapse
San-Jacinto-College-South-Campus,,unmatched,2026-09-07T12:33:21.863157+00:00,multi-campus collision on unitid 227979; kept slug='San-Jacinto-College-North-Campus'
San-Jacinto-Community-College-District-Generation-Park-Campus,,unmatched,2026-09-07T12:33:21.863157+00:00,multi-campus collision on unitid 227979; kept slug='San-Jacinto-College-North-Campus'
San-Joaquin-Valley-College-Visalia,122685,exact,2026-09-07T12:33:21.863157+00:00,
San-Jose-State-University,122755,exact,2026-09-07T12:33:21.863157+00:00,
Santa-Ana-College,121619,exact,2026-09-07T12:33:21.863157+00:00,
Santa-Clara-University,122931,exact,2026-09-07T12:33:21.863157+00:00,
Santa-Fe-College,137096,exact,2026-09-07T12:33:21.863157+00:00,
Santa-Monica-College,122977,exact,2026-09-07T12:33:21.863157+00:00,
Sarah-Lawrence-College,195304,exact,2026-09-07T12:33:21.863157+00:00,
Sattler-College,,unmatched,2026-09-07T12:33:21.863157+00:00,no plausible IPEDS candidate
Savannah-College-of-Art-and-Design,140951,exact,2026-09-07T12:33:21.863157+00:00,
Savannah-College-of-Art-and-Design-Atlanta,,unmatched,2026-09-07T12:33:21.863157+00:00,multi-campus collision on unitid 140951; kept slug='Savannah-College-of-Art-and-Design'
Savannah-State-University,140960,exact,2026-09-07T12:33:21.863157+00:00,
Schiller-International-University,404338,exact,2026-09-07T12:33:21.863157+00:00,
School-of-Visual-Arts,197151,exact,2026-09-07T12:33:21.863157+00:00,
School-of-the-Art-Institute-of-Chicago,143048,exact,2026-09-07T12:33:21.863157+00:00,
Schreiner-University,228042,exact,2026-09-07T12:33:21.863157+00:00,
Scripps-College,123165,exact,2026-09-07T12:33:21.863157+00:00,
Seattle-Central-College,236513,exact,2026-09-07T12:33:21.863157+00:00,
Seattle-Film-Institute,488448,exact,2026-09-07T12:33:21.863157+00:00,
Seattle-Pacific-University,236577,exact,2026-09-07T12:33:21.863157+00:00,
Seattle-University,236595,exact,2026-09-07T12:33:21.863157+00:00,
Selma-University,,unmatched,2026-09-07T12:33:21.863157+00:00,no IPEDS row found; known accreditation gaps
Seminole-State-College-of-Florida,137209,exact,2026-09-07T12:33:21.863157+00:00,
Sentara-College-of-Health-Sciences,232885,exact,2026-09-07T12:33:21.863157+00:00,
Sessions-College-for-Professional-Design,475839,exact,2026-09-07T12:33:21.863157+00:00,
Seton-Hall-University,186584,exact,2026-09-07T12:33:21.863157+00:00,
Seton-Hill-University,215947,exact,2026-09-07T12:33:21.863157+00:00,
Sewanee-University-of-the-South,221519,exact,2026-09-07T12:33:21.863157+00:00,
Sh-or-Yoshuv-Institute,195438,token_city,2026-09-07T12:33:21.863157+00:00,
Shasta-Bible-College,,unmatched,2026-09-07T12:33:21.863157+00:00,multi-campus collision on unitid 123299; kept slug='Shasta-College'
Shasta-College,123299,exact,2026-09-07T12:33:21.863157+00:00,
Shaw-University,199643,exact,2026-09-07T12:33:21.863157+00:00,
Shawnee-State-University,205443,exact,2026-09-07T12:33:21.863157+00:00,
Shenandoah-University,233541,exact,2026-09-07T12:33:21.863157+00:00,
Shepherd-University,237792,exact,2026-09-07T12:33:21.863157+00:00,
Shippensburg-University-of-Pennsylvania,216010,exact,2026-09-07T12:33:21.863157+00:00,
Shorter-University,140988,exact,2026-09-07T12:33:21.863157+00:00,
Siena-College,195474,exact,2026-09-07T12:33:21.863157+00:00,
Simmons-College-of-Kentucky,461759,exact,2026-09-07T12:33:21.863157+00:00,
Simmons-University,167783,exact,2026-09-07T12:33:21.863157+00:00,
Simpson-University-Indianola-IA,154350,token_city,2026-09-07T12:33:21.863157+00:00,
Simpson-University-Redding-CA,123457,exact,2026-09-07T12:33:21.863157+00:00,
Sinclair-Community-College,205470,exact,2026-09-07T12:33:21.863157+00:00,
Sinte-Gleska-University,219374,exact,2026-09-07T12:33:21.863157+00:00,
Sitting-Bull-College,200466,exact,2026-09-07T12:33:21.863157+00:00,
Skagit-Valley-College,236638,exact,2026-09-07T12:33:21.863157+00:00,
Skidmore-College,195526,exact,2026-09-07T12:33:21.863157+00:00,
Skyline-College,123509,exact,2026-09-07T12:33:21.863157+00:00,
Slippery-Rock-University-of-Pennsylvania,216038,exact,2026-09-07T12:33:21.863157+00:00,
Smith-College,167835,exact,2026-09-07T12:33:21.863157+00:00,
Snow-College,230597,exact,2026-09-07T12:33:21.863157+00:00,
Sofia-University,110778,exact,2026-09-07T12:33:21.863157+00:00,
Soka-University-of-America,399911,exact,2026-09-07T12:33:21.863157+00:00,
Solano-Community-College,123563,exact,2026-09-07T12:33:21.863157+00:00,
Sonoma-State-University,123572,exact,2026-09-07T12:33:21.863157+00:00,
South-Carolina-State-University,218733,exact,2026-09-07T12:33:21.863157+00:00,
South-College,220552,trigram_city,2026-09-07T12:33:21.863157+00:00,
South-College-Orlando,,unmatched,2026-09-07T12:33:21.863157+00:00,multi-campus collision on unitid 220552; kept slug='South-College'
South-Dakota-School-of-Mines-and-Technology,219347,exact,2026-09-07T12:33:21.863157+00:00,
South-Dakota-State-University,219356,exact,2026-09-07T12:33:21.863157+00:00,
South-Florida-Bible-College-and-Theological-Seminary,366003,exact,2026-09-07T12:33:21.863157+00:00,
South-Florida-State-College,137315,exact,2026-09-07T12:33:21.863157+00:00,
South-Georgia-State-College,482699,exact,2026-09-07T12:33:21.863157+00:00,
South-Seattle-College,236504,exact,2026-09-07T12:33:21.863157+00:00,
South-Texas-College,409315,exact,2026-09-07T12:33:21.863157+00:00,
South-University-Austin,480073,exact,2026-09-07T12:33:21.863157+00:00,
South-University-Columbia,251312,exact,2026-09-07T12:33:21.863157+00:00,
South-University-High-Point-NC,481720,trigram_city,2026-09-07T12:33:21.863157+00:00,
South-University-Montgomery,101116,exact,2026-09-07T12:33:21.863157+00:00,
South-University-Richmond,459259,exact,2026-09-07T12:33:21.863157+00:00,
South-University-Savannah-GA,139579,trigram_city,2026-09-07T12:33:21.863157+00:00,
South-University-Tampa,449898,exact,2026-09-07T12:33:21.863157+00:00,
South-University-Virginia-Beach,459268,exact,2026-09-07T12:33:21.863157+00:00,
South-University-West-Palm-Beach,133465,exact,2026-09-07T12:33:21.863157+00:00,
Southeast-Missouri-Hospital-College-of-Nursing-and-Health-Sciences,417734,exact,2026-09-07T12:33:21.863157+00:00,
Southeast-Missouri-State-University,179557,exact,2026-09-07T12:33:21.863157+00:00,
Southeastern-Baptist-College,176336,exact,2026-09-07T12:33:21.863157+00:00,
Southeastern-Baptist-Theological-Seminary,199759,exact,2026-09-07T12:33:21.863157+00:00,
Southeastern-Free-Will-Baptist-Bible-College,233602,exact,2026-09-07T12:33:21.863157+00:00,
Southeastern-Louisiana-University,160612,exact,2026-09-07T12:33:21.863157+00:00,
Southeastern-Oklahoma-State-University,207847,exact,2026-09-07T12:33:21.863157+00:00,
Southeastern-University,137564,exact,2026-09-07T12:33:21.863157+00:00,
Southern-Adventist-University,221661,exact,2026-09-07T12:33:21.863157+00:00,
Southern-Arkansas-University,107983,trigram_city,2026-09-07T12:33:21.863157+00:00,
Southern-Baptist-Theological-Seminary,,unmatched,2026-09-07T12:33:21.863157+00:00,no IPEDS row found in seed
Southern-California-Institute-of-Architecture,123952,exact,2026-09-07T12:33:21.863157+00:00,
Southern-California-Institute-of-Technology,399869,exact,2026-09-07T12:33:21.863157+00:00,
Southern-California-Leadership-University,,unmatched,2026-09-07T12:33:21.863157+00:00,no IPEDS row found for this name
Southern-California-Seminary,117575,exact,2026-09-07T12:33:21.863157+00:00,
Southern-Connecticut-State-University,130493,exact,2026-09-07T12:33:21.863157+00:00,
Southern-Illinois-University-Carbondale,149222,exact,2026-09-07T12:33:21.863157+00:00,
Southern-Illinois-University-Edwardsville,149231,exact,2026-09-07T12:33:21.863157+00:00,
Southern-Methodist-University,228246,exact,2026-09-07T12:33:21.863157+00:00,
Southern-Nazarene-University,206862,exact,2026-09-07T12:33:21.863157+00:00,
Southern-New-Hampshire-University,183026,exact,2026-09-07T12:33:21.863157+00:00,
Southern-Oregon-University,210146,exact,2026-09-07T12:33:21.863157+00:00,
Southern-States-University,,unmatched,2026-09-07T12:33:21.863157+00:00,multi-campus collision on unitid 447050; kept slug='United-States-University'
Southern-Technical-College,,unmatched,2026-09-07T12:33:21.863157+00:00,"no plausible IPEDS candidate in Fort Myers, FL"
Southern-University-and-Agricultural-and-Mechanical-College,159391,trigram_city,2026-09-07T12:33:21.863157+00:00,
Southern-University-at-New-Orleans,160630,exact,2026-09-07T12:33:21.863157+00:00,
Southern-Utah-University,230603,exact,2026-09-07T12:33:21.863157+00:00,
Southern-Virginia-University,233611,exact,2026-09-07T12:33:21.863157+00:00,
Southern-Wesleyan-University,217776,exact,2026-09-07T12:33:21.863157+00:00,
Southwest-Baptist-University,179326,exact,2026-09-07T12:33:21.863157+00:00,
Southwest-Minnesota-State-University,175078,exact,2026-09-07T12:33:21.863157+00:00,
Southwest-University,,unmatched,2026-09-07T12:33:21.863157+00:00,"no plausible IPEDS candidate in Kenner, LA"
Southwest-University-at-El-Paso,451556,exact,2026-09-07T12:33:21.863157+00:00,
Southwestern-Adventist-University,228468,exact,2026-09-07T12:33:21.863157+00:00,
Southwestern-Assemblies-of-God-University,228325,exact,2026-09-07T12:33:21.863157+00:00,
Southwestern-Baptist-Theological-Seminary,,unmatched,2026-09-07T12:33:21.863157+00:00,graduate-only; no IPEDS row in seed (appendix v)
Southwestern-Christian-College,228486,exact,2026-09-07T12:33:21.863157+00:00,
Southwestern-Christian-University,207856,exact,2026-09-07T12:33:21.863157+00:00,
Southwestern-College-Winfield-KS,155900,exact,2026-09-07T12:33:21.863157+00:00,
Southwestern-Oklahoma-State-University,207865,exact,2026-09-07T12:33:21.863157+00:00,
Southwestern-University,228343,exact,2026-09-07T12:33:21.863157+00:00,
Spalding-University,157757,exact,2026-09-07T12:33:21.863157+00:00,
Spartan-College-of-Aeronautics-and-Technology,207254,exact,2026-09-07T12:33:21.863157+00:00,
Spartanburg-Methodist-College,218821,exact,2026-09-07T12:33:21.863157+00:00,
Spelman-College,141060,exact,2026-09-07T12:33:21.863157+00:00,
Spokane-Community-College,236692,exact,2026-09-07T12:33:21.863157+00:00,
Spokane-Falls-Community-College,236708,exact,2026-09-07T12:33:21.863157+00:00,
Spring-Arbor-University,172334,exact,2026-09-07T12:33:21.863157+00:00,
Spring-Hill-College,102234,exact,2026-09-07T12:33:21.863157+00:00,
Springfield-College,167899,exact,2026-09-07T12:33:21.863157+00:00,
St-Ambrose-University,154235,trigram_city,2026-09-07T12:33:21.863157+00:00,
St-Augustine-College,148876,exact,2026-09-07T12:33:21.863157+00:00,
St-Augustines-University,199582,trigram_city,2026-09-07T12:33:21.863157+00:00,
St-Bonaventure-University,195164,exact,2026-09-07T12:33:21.863157+00:00,
St-Catherine-University,175005,exact,2026-09-07T12:33:21.863157+00:00,
St-Charles-Borromeo-Seminary-Overbrook,216047,trigram_city,2026-09-07T12:33:21.863157+00:00,
St-Cloud-State-University,174783,exact,2026-09-07T12:33:21.863157+00:00,
St-Edwards-University,227845,trigram_city,2026-09-07T12:33:21.863157+00:00,
St-Elizabeth-University,186618,trigram_city,2026-09-07T12:33:21.863157+00:00,
St-Francis-College,195173,exact,2026-09-07T12:33:21.863157+00:00,
St-Gregory-the-Great-Seminary,,unmatched,2026-09-07T12:33:21.863157+00:00,no plausible IPEDS candidate
St-Herman-Theological-Seminary,,unmatched,2026-09-07T12:33:21.863157+00:00,no plausible IPEDS candidate
St-John-Fisher-University,195720,exact,2026-09-07T12:33:21.863157+00:00,
St-John-Vianney-College-Seminary,137272,exact,2026-09-07T12:33:21.863157+00:00,
St-Johns-College,148593,token_city,2026-09-07T12:33:21.863157+00:00,
St-Johns-College-Annapolis,163976,trigram_city,2026-09-07T12:33:21.863157+00:00,
St-Johns-College-Santa-Fe,245652,trigram_city,2026-09-07T12:33:21.863157+00:00,
St-Johns-River-State-College,137281,trigram_city,2026-09-07T12:33:21.863157+00:00,
St-Johns-University,195809,trigram_city,2026-09-07T12:33:21.863157+00:00,
St-Josephs-College-Brooklyn-Campus,195544,manual,2026-09-07T12:33:21.863157+00:00,"St. Joseph's University-New York, exact city (Brooklyn)"
St-Josephs-College-Long-Island-Campus,,unmatched,2026-09-07T12:33:21.863157+00:00,multi-campus collision on unitid 195544; kept slug='St-Josephs-College-Brooklyn-Campus'
St-Josephs-College-of-Maine,161518,trigram_city,2026-09-07T12:33:21.863157+00:00,
St-Lawrence-University,195216,exact,2026-09-07T12:33:21.863157+00:00,
St-Louis-College-of-Health-Careers-Fenton,442426,exact,2026-09-07T12:33:21.863157+00:00,
St-Lukes-College,154262,exact,2026-09-07T12:33:21.863157+00:00,
St-Marys-College-of-Maryland,163912,exact,2026-09-07T12:33:21.863157+00:00,
St-Marys-University,228149,exact,2026-09-07T12:33:21.863157+00:00,
St-Norbert-College,239716,trigram_city,2026-09-07T12:33:21.863157+00:00,
St-Olaf-College,174844,exact,2026-09-07T12:33:21.863157+00:00,
St-Petersburg-College,137078,exact,2026-09-07T12:33:21.863157+00:00,
St-Thomas-Aquinas-College,195243,exact,2026-09-07T12:33:21.863157+00:00,
St-Thomas-University,137476,exact,2026-09-07T12:33:21.863157+00:00,
Stanbridge-University,446561,exact,2026-09-07T12:33:21.863157+00:00,
Stanford-University,243744,exact,2026-09-07T12:33:21.863157+00:00,
State-College-of-Florida-Manatee-Sarasota,135391,exact,2026-09-07T12:33:21.863157+00:00,
State-University-of-New-York-College-at-Cortland,196149,exact,2026-09-07T12:33:21.863157+00:00,
State-University-of-New-York-College-at-Geneseo,196167,exact,2026-09-07T12:33:21.863157+00:00,
State-University-of-New-York-College-at-Oneonta,196185,exact,2026-09-07T12:33:21.863157+00:00,
State-University-of-New-York-College-at-Potsdam,196200,exact,2026-09-07T12:33:21.863157+00:00,
State-University-of-New-York-College-of-Agriculture-Technology-at-Morrisville,196051,manual,2026-09-07T12:33:21.863157+00:00,"SUNY Morrisville, exact city"
State-University-of-New-York-College-of-Agriculture-and-Technology-at-Cobleskill,196033,trigram_city,2026-09-07T12:33:21.863157+00:00,
State-University-of-New-York-College-of-Environmental-Science-and-Forestry,196103,trigram_city,2026-09-07T12:33:21.863157+00:00,
State-University-of-New-York-College-of-Technology-at-Delhi,196024,single_city,2026-09-07T12:33:21.863157+00:00,
State-University-of-New-York-Downstate-Health-Sciences-University,196255,trigram_city,2026-09-07T12:33:21.863157+00:00,
State-University-of-New-York-Maritime-College,196291,manual,2026-09-07T12:33:21.863157+00:00,"SUNY Maritime College, exact name, exact city"
State-University-of-New-York-Plattsburgh,196246,exact,2026-09-07T12:33:21.863157+00:00,
State-University-of-New-York-Polytechnic-Institute,196112,manual,2026-09-07T12:33:21.863157+00:00,"SUNY Polytechnic Institute, exact name, exact city"
State-University-of-New-York-Upstate-Medical-University,196307,trigram_city,2026-09-07T12:33:21.863157+00:00,
State-University-of-New-York-at-Canton,196015,manual,2026-09-07T12:33:21.863157+00:00,"official name is SUNY College of Technology at Canton, exact city"
State-University-of-New-York-at-Fredonia,196158,manual,2026-09-07T12:33:21.863157+00:00,"SUNY at Fredonia, near-exact name, exact city"
State-University-of-New-York-at-New-Paltz,196176,exact,2026-09-07T12:33:21.863157+00:00,
State-University-of-New-York-at-Oswego,196194,exact,2026-09-07T12:33:21.863157+00:00,
Stephen-F-Austin-State-University,228431,exact,2026-09-07T12:33:21.863157+00:00,
Stephens-College,179548,exact,2026-09-07T12:33:21.863157+00:00,
Sterling-College-Craftsbury-Common-VT,231095,exact,2026-09-07T12:33:21.863157+00:00,
Sterling-College-Sterling-KS,155937,exact,2026-09-07T12:33:21.863157+00:00,
Stetson-University,137546,exact,2026-09-07T12:33:21.863157+00:00,
Stevens-Institute-of-Technology,186867,exact,2026-09-07T12:33:21.863157+00:00,
Stevens-The-Institute-of-Business-Arts,178767,exact,2026-09-07T12:33:21.863157+00:00,
Stevenson-University,164173,exact,2026-09-07T12:33:21.863157+00:00,
Stillman-College,102270,exact,2026-09-07T12:33:21.863157+00:00,
Stockton-University,186876,exact,2026-09-07T12:33:21.863157+00:00,
Stone-Child-College,366340,exact,2026-09-07T12:33:21.863157+00:00,
Stonehill-College,167996,exact,2026-09-07T12:33:21.863157+00:00,
Stony-Brook-University,196097,exact,2026-09-07T12:33:21.863157+00:00,
Strayer-University-Alexandria,,unmatched,2026-09-07T12:33:21.863157+00:00,multi-campus collision on unitid 233684; kept slug='Strayer-University-Arlington'
Strayer-University-Allentown,443784,manual,2026-09-07T12:33:21.863157+00:00,Strayer University-Pennsylvania; multi-campus collapse
Strayer-University-Anne-Arundel,430184,manual,2026-09-07T12:33:21.863157+00:00,Strayer University-Maryland; multi-campus collapse
Strayer-University-Arlington,233684,manual,2026-09-07T12:33:21.863157+00:00,"Strayer University-Virginia, exact city"
Strayer-University-Augusta,,unmatched,2026-09-07T12:33:21.863157+00:00,multi-campus collision on unitid 482149; kept slug='Augusta-University'
Strayer-University-Baymeadows,,unmatched,2026-09-07T12:33:21.863157+00:00,no Florida Strayer unitid exists
Strayer-University-Birmingham,,unmatched,2026-09-07T12:33:21.863157+00:00,no Alabama Strayer unitid exists
Strayer-University-Cedar-Hill,458973,manual,2026-09-07T12:33:21.863157+00:00,Strayer University-Texas; multi-campus collapse
Strayer-University-Center-City,,unmatched,2026-09-07T12:33:21.863157+00:00,multi-campus collision on unitid 443784; kept slug='Strayer-University-Allentown'
Strayer-University-Charleston-Campus-North-Charleston-SC,,unmatched,2026-09-07T12:33:21.863157+00:00,no South Carolina Strayer unitid exists
Strayer-University-Chesterfield-Campus,,unmatched,2026-09-07T12:33:21.863157+00:00,multi-campus collision on unitid 233684; kept slug='Strayer-University-Arlington'
Strayer-University-Columbia-Campus,,unmatched,2026-09-07T12:33:21.863157+00:00,no South Carolina Strayer unitid exists
Strayer-University-Columbus-Campus,,unmatched,2026-09-07T12:33:21.863157+00:00,multi-campus collision on unitid 458919; kept slug='Strayer-University-Macon-Campus'
Strayer-University-Delaware,,unmatched,2026-09-07T12:33:21.863157+00:00,no Delaware Strayer unitid exists
Strayer-University-Fredericksburg-Campus,,unmatched,2026-09-07T12:33:21.863157+00:00,multi-campus collision on unitid 233684; kept slug='Strayer-University-Arlington'
Strayer-University-Global-Region,459994,exact,2026-09-07T12:33:21.863157+00:00,
Strayer-University-Greensboro-Campus,,unmatched,2026-09-07T12:33:21.863157+00:00,multi-campus collision on unitid 198598; kept slug='Greensboro-College'
Strayer-University-Greenville-Campus,,unmatched,2026-09-07T12:33:21.863157+00:00,multi-campus collision on unitid 145372; kept slug='Greenville-University'
Strayer-University-Huntsville-Campus,,unmatched,2026-09-07T12:33:21.863157+00:00,no Alabama Strayer unitid exists
Strayer-University-Jackson-Campus,,unmatched,2026-09-07T12:33:21.863157+00:00,multi-campus collision on unitid 170444; kept slug='Jackson-College'
Strayer-University-Knoxville-Campus,,unmatched,2026-09-07T12:33:21.863157+00:00,multi-campus collision on unitid 443766; kept slug='Strayer-University-Shelby-Campus'
Strayer-University-Lithonia-Campus,,unmatched,2026-09-07T12:33:21.863157+00:00,multi-campus collision on unitid 458919; kept slug='Strayer-University-Macon-Campus'
Strayer-University-Little-Rock-Campus,,unmatched,2026-09-07T12:33:21.863157+00:00,no Arkansas Strayer unitid exists
Strayer-University-Lower-Bucks-County-Campus,,unmatched,2026-09-07T12:33:21.863157+00:00,multi-campus collision on unitid 443784; kept slug='Strayer-University-Allentown'
Strayer-University-Macon-Campus,458919,manual,2026-09-07T12:33:21.863157+00:00,Strayer University-Georgia; multi-campus collapse
Strayer-University-Miramar-Campus,,unmatched,2026-09-07T12:33:21.863157+00:00,no Florida Strayer unitid exists
Strayer-University-Montgomery-Campus,,unmatched,2026-09-07T12:33:21.863157+00:00,no Alabama Strayer unitid exists
Strayer-University-Morrow-Campus,,unmatched,2026-09-07T12:33:21.863157+00:00,multi-campus collision on unitid 458919; kept slug='Strayer-University-Macon-Campus'
Strayer-University-Nashville-Campus,,unmatched,2026-09-07T12:33:21.863157+00:00,multi-campus collision on unitid 443766; kept slug='Strayer-University-Shelby-Campus'
Strayer-University-North-Charlotte-Campus,,unmatched,2026-09-07T12:33:21.863157+00:00,no North Carolina Strayer unitid exists
Strayer-University-North-Dallas-Campus,,unmatched,2026-09-07T12:33:21.863157+00:00,multi-campus collision on unitid 458973; kept slug='Strayer-University-Cedar-Hill'
Strayer-University-North-Raleigh-Campus,,unmatched,2026-09-07T12:33:21.863157+00:00,no North Carolina Strayer unitid exists
Strayer-University-Northwest-Houston-Campus,,unmatched,2026-09-07T12:33:21.863157+00:00,multi-campus collision on unitid 225511; kept slug='University-of-Houston'
Strayer-University-Orlando-East-Campus,,unmatched,2026-09-07T12:33:21.863157+00:00,no Florida Strayer unitid exists
Strayer-University-Piscataway-Campus,,unmatched,2026-09-07T12:33:21.863157+00:00,no New Jersey Strayer unitid exists
Strayer-University-San-Antonio-Campus,,unmatched,2026-09-07T12:33:21.863157+00:00,multi-campus collision on unitid 227924; kept slug='ECPI-University-San-Antonio'
Strayer-University-Savannah-Campus,,unmatched,2026-09-07T12:33:21.863157+00:00,multi-campus collision on unitid 458919; kept slug='Strayer-University-Macon-Campus'
Strayer-University-Shelby-Campus,443766,manual,2026-09-07T12:33:21.863157+00:00,"Strayer University-Tennessee, exact city (Memphis)"
Strayer-University-South-Charlotte-Campus,,unmatched,2026-09-07T12:33:21.863157+00:00,no North Carolina Strayer unitid exists
Strayer-University-South-Raleigh-Campus,,unmatched,2026-09-07T12:33:21.863157+00:00,no North Carolina Strayer unitid exists
Strayer-University-Tampa-East-Campus,,unmatched,2026-09-07T12:33:21.863157+00:00,multi-campus collision on unitid 137847; kept slug='Everglades-University-Tampa'
Strayer-University-Teays-Valley-Campus,,unmatched,2026-09-07T12:33:21.863157+00:00,no West Virginia Strayer unitid exists
Strayer-University-Virginia-Beach-Campus,,unmatched,2026-09-07T12:33:21.863157+00:00,multi-campus collision on unitid 233684; kept slug='Strayer-University-Arlington'
Strayer-University-Washington-Campus,131803,manual,2026-09-07T12:33:21.863157+00:00,"Strayer University-District of Columbia, exact city"
Strayer-University-White-Marsh-Campus,,unmatched,2026-09-07T12:33:21.863157+00:00,multi-campus collision on unitid 430184; kept slug='Strayer-University-Anne-Arundel'
Suffolk-University,168005,exact,2026-09-07T12:33:21.863157+00:00,
Sul-Ross-State-University,228501,exact,2026-09-07T12:33:21.863157+00:00,
Sullivan-University,157793,exact,2026-09-07T12:33:21.863157+00:00,
Summit-Christian-College,181543,exact,2026-09-07T12:33:21.863157+00:00,
Sumner-College,208512,exact,2026-09-07T12:33:21.863157+00:00,
Susquehanna-University,216278,exact,2026-09-07T12:33:21.863157+00:00,
Swarthmore-College,216287,exact,2026-09-07T12:33:21.863157+00:00,
Sweet-Briar-College,233718,exact,2026-09-07T12:33:21.863157+00:00,
Syracuse-University,196413,exact,2026-09-07T12:33:21.863157+00:00,
Tabor-College,155973,exact,2026-09-07T12:33:21.863157+00:00,
Tacoma-Community-College,236753,exact,2026-09-07T12:33:21.863157+00:00,
Talladega-College,102298,exact,2026-09-07T12:33:21.863157+00:00,
Tallahassee-Community-College,137759,manual,2026-09-07T12:33:21.863157+00:00,"renamed Tallahassee State College (2024), exact city"
Talmudic-University,137777,token_city,2026-09-07T12:33:21.863157+00:00,
Talmudical-Academy-of-New-Jersey,186900,trigram,2026-09-07T12:33:21.863157+00:00,
Talmudical-Institute-of-Upstate-New-York,196440,exact,2026-09-07T12:33:21.863157+00:00,
Talmudical-Seminary-Oholei-Torah,196431,exact,2026-09-07T12:33:21.863157+00:00,
Tarleton-State-University,228529,exact,2026-09-07T12:33:21.863157+00:00,
Taylor-University,152530,exact,2026-09-07T12:33:21.863157+00:00,
Telshe-Yeshiva-Chicago,149329,exact,2026-09-07T12:33:21.863157+00:00,
Temple-University,216339,exact,2026-09-07T12:33:21.863157+00:00,
Tennessee-State-University,221838,exact,2026-09-07T12:33:21.863157+00:00,
Tennessee-Technological-University,221847,exact,2026-09-07T12:33:21.863157+00:00,
Tennessee-Wesleyan-University,221731,exact,2026-09-07T12:33:21.863157+00:00,
Texas-A-M-International-University,226152,exact,2026-09-07T12:33:21.863157+00:00,
Texas-A-M-University,228723,exact,2026-09-07T12:33:21.863157+00:00,
Texas-A-M-University-Central-Texas,483036,exact,2026-09-07T12:33:21.863157+00:00,
Texas-A-M-University-Commerce,224554,trigram_city,2026-09-07T12:33:21.863157+00:00,
Texas-A-M-University-Corps-of-Cadets,,unmatched,2026-09-07T12:33:21.863157+00:00,multi-campus collision on unitid 228723; kept slug='Texas-A-M-University'
Texas-A-M-University-Corpus-Christi,224147,exact,2026-09-07T12:33:21.863157+00:00,
Texas-A-M-University-Kingsville,228705,exact,2026-09-07T12:33:21.863157+00:00,
Texas-A-M-University-San-Antonio,459949,exact,2026-09-07T12:33:21.863157+00:00,
Texas-A-M-University-Texarkana,224545,exact,2026-09-07T12:33:21.863157+00:00,
Texas-A-M-University-at-Galveston,224961,token_city,2026-09-07T12:33:21.863157+00:00,
Texas-Christian-University,228875,exact,2026-09-07T12:33:21.863157+00:00,
Texas-College,228884,exact,2026-09-07T12:33:21.863157+00:00,
Texas-Lutheran-University,228981,exact,2026-09-07T12:33:21.863157+00:00,
Texas-Southern-University,229063,exact,2026-09-07T12:33:21.863157+00:00,
Texas-State-University,228459,exact,2026-09-07T12:33:21.863157+00:00,
Texas-Tech-University,229115,exact,2026-09-07T12:33:21.863157+00:00,
Texas-Tech-University-Health-Sciences-Center-El-Paso,492689,exact,2026-09-07T12:33:21.863157+00:00,
Texas-Tech-University-Health-Sciences-Center-Lubbock,229337,trigram_city,2026-09-07T12:33:21.863157+00:00,
Texas-Wesleyan-University,229160,exact,2026-09-07T12:33:21.863157+00:00,
Texas-Womans-University,229179,exact,2026-09-07T12:33:21.863157+00:00,
The-Chicago-School,143978,trigram_city,2026-09-07T12:33:21.863157+00:00,
The-Christ-College-of-Nursing-and-Health-Sciences,201821,exact,2026-09-07T12:33:21.863157+00:00,
The-Citadel,217864,token_city,2026-09-07T12:33:21.863157+00:00,
The-Colburn-School-Conservatory-of-Music,,unmatched,2026-09-07T12:33:21.863157+00:00,no plausible IPEDS candidate
The-College-of-Health-Care-Professions-Houston,392257,trigram_city,2026-09-07T12:33:21.863157+00:00,
The-College-of-New-Jersey,187134,exact,2026-09-07T12:33:21.863157+00:00,
The-College-of-Westchester,197285,exact,2026-09-07T12:33:21.863157+00:00,
The-College-of-the-Florida-Keys,133960,exact,2026-09-07T12:33:21.863157+00:00,
The-Crown-College,,unmatched,2026-09-07T12:33:21.863157+00:00,"no plausible IPEDS candidate in Powell, TN"
The-Jewish-Theological-Seminary,192040,trigram_city,2026-09-07T12:33:21.863157+00:00,
The-Kings-University,439701,exact,2026-09-07T12:33:21.863157+00:00,
The-Modern-College-of-Design,205391,exact,2026-09-07T12:33:21.863157+00:00,
The-New-School,193654,exact,2026-09-07T12:33:21.863157+00:00,
The-New-School-College-of-Performing-Arts,,unmatched,2026-09-07T12:33:21.863157+00:00,multi-campus collision on unitid 193654; kept slug='The-New-School'
The-New-School-Parsons-School-of-Design,,unmatched,2026-09-07T12:33:21.863157+00:00,multi-campus collision on unitid 193654; kept slug='The-New-School'
The-New-School-for-Public-Engagement,,unmatched,2026-09-07T12:33:21.863157+00:00,multi-campus collision on unitid 193654; kept slug='The-New-School'
The-North-Coast-College,,unmatched,2026-09-07T12:33:21.863157+00:00,"no plausible IPEDS candidate in Lakewood, OH"
The-Restaurant-School-at-Walnut-Hill-College,215637,token_city,2026-09-07T12:33:21.863157+00:00,
The-SANS-Technology-Institute,,unmatched,2026-09-07T12:33:21.863157+00:00,no plausible IPEDS candidate
The-University-of-America,,unmatched,2026-09-07T12:33:21.863157+00:00,no plausible IPEDS candidate
The-University-of-Tennessee-Health-Science-Center,487010,exact,2026-09-07T12:33:21.863157+00:00,
The-University-of-Tennessee-at-Knoxville,221759,trigram,2026-09-07T12:33:21.863157+00:00,
The-University-of-Texas-Health-Science-Center-at-San-Antonio,228644,exact,2026-09-07T12:33:21.863157+00:00,
The-University-of-Texas-MD-Anderson-Cancer-Center,416801,exact,2026-09-07T12:33:21.863157+00:00,
The-University-of-Texas-Rio-Grande-Valley,227368,exact,2026-09-07T12:33:21.863157+00:00,
Theological-University-of-the-Caribbean,,unmatched,2026-09-07T12:33:21.863157+00:00,no plausible IPEDS candidate
Thiel-College,216357,exact,2026-09-07T12:33:21.863157+00:00,
Thomas-Aquinas-College,124292,exact,2026-09-07T12:33:21.863157+00:00,
Thomas-Aquinas-College-New-England,,unmatched,2026-09-07T12:33:21.863157+00:00,no MA-specific row; the CA institution is a different campus/coast
Thomas-College,161563,exact,2026-09-07T12:33:21.863157+00:00,
Thomas-Edison-State-University,187046,exact,2026-09-07T12:33:21.863157+00:00,
Thomas-Jefferson-University,216366,exact,2026-09-07T12:33:21.863157+00:00,
Thomas-Jefferson-University-East-Falls-Campus,,unmatched,2026-09-07T12:33:21.863157+00:00,multi-campus collision on unitid 216366; kept slug='Thomas-Jefferson-University'
Thomas-More-College-of-Liberal-Arts,183275,exact,2026-09-07T12:33:21.863157+00:00,
Thomas-More-University,157809,exact,2026-09-07T12:33:21.863157+00:00,
Thomas-University,141167,exact,2026-09-07T12:33:21.863157+00:00,
Tiffin-University,206048,exact,2026-09-07T12:33:21.863157+00:00,
Toccoa-Falls-College,141185,exact,2026-09-07T12:33:21.863157+00:00,
Torah-Temimah-Talmudical-Seminary,196583,exact,2026-09-07T12:33:21.863157+00:00,
Tougaloo-College,176406,exact,2026-09-07T12:33:21.863157+00:00,
Touro-College-Los-Angeles,,unmatched,2026-09-07T12:33:21.863157+00:00,no plausible IPEDS candidate among Touro system entries
Touro-University,196592,exact,2026-09-07T12:33:21.863157+00:00,
Touro-University-Worldwide,459727,exact,2026-09-07T12:33:21.863157+00:00,
Towson-University,164076,exact,2026-09-07T12:33:21.863157+00:00,
Transylvania-University,157818,exact,2026-09-07T12:33:21.863157+00:00,
Trevecca-Nazarene-University,221892,exact,2026-09-07T12:33:21.863157+00:00,
Tri-State-Bible-College,206154,exact,2026-09-07T12:33:21.863157+00:00,
Trident-University-International,,unmatched,2026-09-07T12:33:21.863157+00:00,no IPEDS row found for this name
Trine-University,152567,exact,2026-09-07T12:33:21.863157+00:00,
Trinidad-State-Junior-College,128258,trigram_city,2026-09-07T12:33:21.863157+00:00,
Trinity-Baptist-College,137953,exact,2026-09-07T12:33:21.863157+00:00,
Trinity-Bible-College,200484,token_city,2026-09-07T12:33:21.863157+00:00,
Trinity-Christian-College,149505,exact,2026-09-07T12:33:21.863157+00:00,
Trinity-College,130590,exact,2026-09-07T12:33:21.863157+00:00,
Trinity-College-of-Florida,137962,exact,2026-09-07T12:33:21.863157+00:00,
Trinity-College-of-Nursing-and-Health-Sciences,146755,exact,2026-09-07T12:33:21.863157+00:00,
Trinity-International-University,149514,trigram_city,2026-09-07T12:33:21.863157+00:00,
Trinity-University,229267,exact,2026-09-07T12:33:21.863157+00:00,
Trinity-Valley-Community-College,225308,exact,2026-09-07T12:33:21.863157+00:00,
Trinity-Washington-University,131876,exact,2026-09-07T12:33:21.863157+00:00,
Trocaire-College,196653,exact,2026-09-07T12:33:21.863157+00:00,
Troy-University,102368,exact,2026-09-07T12:33:21.863157+00:00,
Troy-University-Dothan,,unmatched,2026-09-07T12:33:21.863157+00:00,multi-campus collision on unitid 102368; kept slug='Troy-University'
Troy-University-Montgomery,,unmatched,2026-09-07T12:33:21.863157+00:00,multi-campus collision on unitid 102368; kept slug='Troy-University'
Truett-McConnell-University,141237,exact,2026-09-07T12:33:21.863157+00:00,
Truman-State-University,178615,exact,2026-09-07T12:33:21.863157+00:00,
Tufts-University,168148,exact,2026-09-07T12:33:21.863157+00:00,
Tulane-School-of-Professional-Advancement,,unmatched,2026-09-07T12:33:21.863157+00:00,multi-campus collision on unitid 160755; kept slug='Tulane-University'
Tulane-University,160755,exact,2026-09-07T12:33:21.863157+00:00,
Turtle-Mountain-Community-College,200527,exact,2026-09-07T12:33:21.863157+00:00,
Tusculum-University,221953,exact,2026-09-07T12:33:21.863157+00:00,
Tuskegee-University,102377,exact,2026-09-07T12:33:21.863157+00:00,
Tyler-Junior-College,229355,exact,2026-09-07T12:33:21.863157+00:00,
URBE-University,,unmatched,2026-09-07T12:33:21.863157+00:00,no plausible IPEDS candidate
Union-College,157863,token_city,2026-09-07T12:33:21.863157+00:00,
Union-College-Lincoln-Nebraska,,unmatched,2026-09-07T12:33:21.863157+00:00,multi-campus collision on unitid 181464; kept slug='University-of-Nebraska-Lincoln'
Union-College-New-York,196866,trigram_city,2026-09-07T12:33:21.863157+00:00,
Union-University,221971,exact,2026-09-07T12:33:21.863157+00:00,
United-International-College,,unmatched,2026-09-07T12:33:21.863157+00:00,no plausible IPEDS candidate
United-States-Air-Force-Academy,128328,exact,2026-09-07T12:33:21.863157+00:00,
United-States-Coast-Guard-Academy,130624,exact,2026-09-07T12:33:21.863157+00:00,
United-States-Merchant-Marine-Academy,197027,exact,2026-09-07T12:33:21.863157+00:00,
United-States-Military-Academy,197036,exact,2026-09-07T12:33:21.863157+00:00,
United-States-Naval-Academy,164155,exact,2026-09-07T12:33:21.863157+00:00,
United-States-Sports-Academy,102395,token_city,2026-09-07T12:33:21.863157+00:00,
United-States-University,447050,exact,2026-09-07T12:33:21.863157+00:00,
United-Talmudical-Seminary,197018,exact,2026-09-07T12:33:21.863157+00:00,
United-Tribes-Technical-College,200554,exact,2026-09-07T12:33:21.863157+00:00,
Unitek-College,459204,exact,2026-09-07T12:33:21.863157+00:00,
Unity-College,161572,token_city,2026-09-07T12:33:21.863157+00:00,
Universal-Technology-College-of-Puerto-Rico,376385,exact,2026-09-07T12:33:21.863157+00:00,
Universidad-Adventista-de-las-Antillas,241191,exact,2026-09-07T12:33:21.863157+00:00,
Universidad-Ana-G-Mendez-Carolina,243346,trigram_city,2026-09-07T12:33:21.863157+00:00,
Universidad-Ana-G-Mendez-Cupey,241739,trigram_city,2026-09-07T12:33:21.863157+00:00,
Universidad-Ana-G-Mendez-Gurabo,243601,trigram_city,2026-09-07T12:33:21.863157+00:00,
Universidad-Central-del-Caribe,243568,exact,2026-09-07T12:33:21.863157+00:00,
Universidad-Pentecostal-Mizpa,441690,exact,2026-09-07T12:33:21.863157+00:00,
University-College-of-San-Juan,,unmatched,2026-09-07T12:33:21.863157+00:00,"genuinely tied shortlist (two candidates, both sim=0.51)"
University-at-Albany,196060,exact,2026-09-07T12:33:21.863157+00:00,
University-at-Buffalo,196088,exact,2026-09-07T12:33:21.863157+00:00,
University-of-Advancing-Technology,363934,exact,2026-09-07T12:33:21.863157+00:00,
University-of-Akron,200800,manual,2026-09-07T12:33:21.863157+00:00,"University of Akron Main Campus, exact city, CD omits the 'Main Campus' suffix"
University-of-Alabama,100751,manual,2026-09-07T12:33:21.863157+00:00,"The University of Alabama, sim=0.85, exact city"
University-of-Alabama-at-Birmingham,100663,exact,2026-09-07T12:33:21.863157+00:00,
University-of-Alabama-in-Huntsville,100706,exact,2026-09-07T12:33:21.863157+00:00,
University-of-Alaska-Anchorage,102553,exact,2026-09-07T12:33:21.863157+00:00,
University-of-Alaska-Fairbanks,102614,exact,2026-09-07T12:33:21.863157+00:00,
University-of-Alaska-Prince-William-Sound-College,,unmatched,2026-09-07T12:33:21.863157+00:00,not separately listed; too ambiguous among 4 UA system rows
University-of-Alaska-Southeast,102632,exact,2026-09-07T12:33:21.863157+00:00,
University-of-Alaska-Southeast-Ketchikan-Campus,,unmatched,2026-09-07T12:33:21.863157+00:00,multi-campus collision on unitid 102632; kept slug='University-of-Alaska-Southeast'
University-of-Arizona,104179,exact,2026-09-07T12:33:21.863157+00:00,
University-of-Arizona-Global-Campus,,unmatched,2026-09-07T12:33:21.863157+00:00,no IPEDS row found in seed (possibly under a former name)
University-of-Arizona-South,,unmatched,2026-09-07T12:33:21.863157+00:00,multi-campus collision on unitid 104179; kept slug='University-of-Arizona'
University-of-Arkansas,106397,exact,2026-09-07T12:33:21.863157+00:00,
University-of-Arkansas-Grantham,442569,exact,2026-09-07T12:33:21.863157+00:00,
University-of-Arkansas-at-Fort-Smith,108092,trigram,2026-09-07T12:33:21.863157+00:00,
University-of-Arkansas-at-Little-Rock,106245,exact,2026-09-07T12:33:21.863157+00:00,
University-of-Arkansas-at-Monticello,106485,exact,2026-09-07T12:33:21.863157+00:00,
University-of-Arkansas-at-Pine-Bluff,106412,exact,2026-09-07T12:33:21.863157+00:00,
University-of-Arkansas-for-Medical-Sciences,106263,exact,2026-09-07T12:33:21.863157+00:00,
University-of-Austin,,unmatched,2026-09-07T12:33:21.863157+00:00,multi-campus collision on unitid 228778; kept slug='University-of-Texas-at-Austin'
University-of-Bridgeport,128744,exact,2026-09-07T12:33:21.863157+00:00,
University-of-California-Berkeley,110635,exact,2026-09-07T12:33:21.863157+00:00,
University-of-California-Davis,110644,exact,2026-09-07T12:33:21.863157+00:00,
University-of-California-Irvine,110653,exact,2026-09-07T12:33:21.863157+00:00,
University-of-California-Los-Angeles,110662,exact,2026-09-07T12:33:21.863157+00:00,
University-of-California-Merced,445188,exact,2026-09-07T12:33:21.863157+00:00,
University-of-California-Riverside,110671,exact,2026-09-07T12:33:21.863157+00:00,
University-of-California-San-Diego,110680,exact,2026-09-07T12:33:21.863157+00:00,
University-of-California-Santa-Barbara,110705,exact,2026-09-07T12:33:21.863157+00:00,
University-of-California-Santa-Cruz,110714,exact,2026-09-07T12:33:21.863157+00:00,
University-of-Central-Arkansas,106704,exact,2026-09-07T12:33:21.863157+00:00,
University-of-Central-Florida,132903,exact,2026-09-07T12:33:21.863157+00:00,
University-of-Central-Missouri,176965,exact,2026-09-07T12:33:21.863157+00:00,
University-of-Central-Oklahoma,206941,exact,2026-09-07T12:33:21.863157+00:00,
University-of-Charleston,237312,exact,2026-09-07T12:33:21.863157+00:00,
University-of-Chicago,144050,exact,2026-09-07T12:33:21.863157+00:00,
University-of-Cincinnati,201885,trigram_city,2026-09-07T12:33:21.863157+00:00,
University-of-Cincinnati-Blue-Ash-College,201955,exact,2026-09-07T12:33:21.863157+00:00,
University-of-Cincinnati-Clermont-College,201946,exact,2026-09-07T12:33:21.863157+00:00,
University-of-Colorado-Boulder,126614,exact,2026-09-07T12:33:21.863157+00:00,
University-of-Colorado-Colorado-Springs,126580,exact,2026-09-07T12:33:21.863157+00:00,
University-of-Colorado-Denver,,unmatched,2026-09-07T12:33:21.863157+00:00,multi-campus collision on unitid 127060; kept slug='University-of-Denver'
University-of-Connecticut,129020,exact,2026-09-07T12:33:21.863157+00:00,
University-of-Connecticut-Hartford-Campus,463056,exact,2026-09-07T12:33:21.863157+00:00,
University-of-Connecticut-at-Avery-Point,436827,trigram,2026-09-07T12:33:21.863157+00:00,
University-of-Connecticut-at-Stamford,436836,trigram,2026-09-07T12:33:21.863157+00:00,
University-of-Connecticut-at-Waterbury,436818,trigram_city,2026-09-07T12:33:21.863157+00:00,
University-of-Dallas,224323,exact,2026-09-07T12:33:21.863157+00:00,
University-of-Dayton,202480,exact,2026-09-07T12:33:21.863157+00:00,
University-of-Delaware,130943,exact,2026-09-07T12:33:21.863157+00:00,
University-of-Denver,127060,exact,2026-09-07T12:33:21.863157+00:00,
University-of-Detroit-Mercy,169716,exact,2026-09-07T12:33:21.863157+00:00,
University-of-Dubuque,153278,exact,2026-09-07T12:33:21.863157+00:00,
University-of-Evansville,150534,exact,2026-09-07T12:33:21.863157+00:00,
University-of-Findlay,202763,trigram_city,2026-09-07T12:33:21.863157+00:00,
University-of-Florida,134130,exact,2026-09-07T12:33:21.863157+00:00,
University-of-Florida-Online,484473,exact,2026-09-07T12:33:21.863157+00:00,
University-of-Fort-Lauderdale,457402,exact,2026-09-07T12:33:21.863157+00:00,
University-of-Georgia,139959,exact,2026-09-07T12:33:21.863157+00:00,
University-of-Guam,240754,exact,2026-09-07T12:33:21.863157+00:00,
University-of-Hartford,129525,exact,2026-09-07T12:33:21.863157+00:00,
University-of-Hawaii-Maui-College,141839,exact,2026-09-07T12:33:21.863157+00:00,
University-of-Hawaii-West-Oahu,141981,exact,2026-09-07T12:33:21.863157+00:00,
University-of-Hawaii-at-Hilo,141565,exact,2026-09-07T12:33:21.863157+00:00,
University-of-Hawaii-at-Manoa,141574,exact,2026-09-07T12:33:21.863157+00:00,
University-of-Health-Sciences-and-Pharmacy-in-St-Louis,179265,exact,2026-09-07T12:33:21.863157+00:00,
University-of-Holy-Cross,160065,exact,2026-09-07T12:33:21.863157+00:00,
University-of-Houston,225511,exact,2026-09-07T12:33:21.863157+00:00,
University-of-Houston-Clear-Lake,225414,trigram,2026-09-07T12:33:21.863157+00:00,
University-of-Houston-Downtown,225432,trigram,2026-09-07T12:33:21.863157+00:00,
University-of-Houston-Victoria,225502,trigram,2026-09-07T12:33:21.863157+00:00,
University-of-Idaho,142285,exact,2026-09-07T12:33:21.863157+00:00,
University-of-Illinois-at-Chicago,145600,trigram,2026-09-07T12:33:21.863157+00:00,
University-of-Illinois-at-Springfield,148654,trigram,2026-09-07T12:33:21.863157+00:00,
University-of-Illinois-at-Urbana-Champaign,145637,trigram,2026-09-07T12:33:21.863157+00:00,
University-of-Indianapolis,151263,exact,2026-09-07T12:33:21.863157+00:00,
University-of-Iowa,153658,exact,2026-09-07T12:33:21.863157+00:00,
University-of-Jamestown,200156,exact,2026-09-07T12:33:21.863157+00:00,
University-of-Kansas,155317,exact,2026-09-07T12:33:21.863157+00:00,
University-of-Kentucky,157085,exact,2026-09-07T12:33:21.863157+00:00,
University-of-La-Verne,117140,exact,2026-09-07T12:33:21.863157+00:00,
University-of-Los-Angeles-College-of-Divinity,,unmatched,2026-09-07T12:33:21.863157+00:00,multi-campus collision on unitid 457299; kept slug='Angeles-College'
University-of-Louisiana-at-Lafayette,160658,exact,2026-09-07T12:33:21.863157+00:00,
University-of-Louisiana-at-Monroe,159993,exact,2026-09-07T12:33:21.863157+00:00,
University-of-Louisville,157289,exact,2026-09-07T12:33:21.863157+00:00,
University-of-Lynchburg,232609,exact,2026-09-07T12:33:21.863157+00:00,
University-of-Maine,161253,exact,2026-09-07T12:33:21.863157+00:00,
University-of-Maine-at-Augusta,161217,exact,2026-09-07T12:33:21.863157+00:00,
University-of-Maine-at-Farmington,161226,exact,2026-09-07T12:33:21.863157+00:00,
University-of-Maine-at-Fort-Kent,161235,exact,2026-09-07T12:33:21.863157+00:00,
University-of-Maine-at-Machias,,unmatched,2026-09-07T12:33:21.863157+00:00,"merged into UMaine Presque Isle (2019), no current separate row"
University-of-Maine-at-Presque-Isle,161341,exact,2026-09-07T12:33:21.863157+00:00,
University-of-Management-and-Technology,437097,exact,2026-09-07T12:33:21.863157+00:00,
University-of-Mary,200217,exact,2026-09-07T12:33:21.863157+00:00,
University-of-Mary-Hardin-Baylor,226471,exact,2026-09-07T12:33:21.863157+00:00,
University-of-Mary-Washington,232681,exact,2026-09-07T12:33:21.863157+00:00,
University-of-Maryland-Baltimore-County,163268,exact,2026-09-07T12:33:21.863157+00:00,
University-of-Maryland-College-Park,163286,exact,2026-09-07T12:33:21.863157+00:00,
University-of-Maryland-Eastern-Shore,163338,exact,2026-09-07T12:33:21.863157+00:00,
University-of-Maryland-University-College,163204,token_city,2026-09-07T12:33:21.863157+00:00,
University-of-Massachusetts-Amherst,166629,exact,2026-09-07T12:33:21.863157+00:00,
University-of-Massachusetts-Boston,166638,exact,2026-09-07T12:33:21.863157+00:00,
University-of-Massachusetts-Dartmouth,167987,exact,2026-09-07T12:33:21.863157+00:00,
University-of-Massachusetts-Global,262086,exact,2026-09-07T12:33:21.863157+00:00,
University-of-Massachusetts-Lowell,166513,exact,2026-09-07T12:33:21.863157+00:00,
University-of-Memphis,220862,exact,2026-09-07T12:33:21.863157+00:00,
University-of-Miami,135726,exact,2026-09-07T12:33:21.863157+00:00,
University-of-Michigan,170976,trigram_city,2026-09-07T12:33:21.863157+00:00,
University-of-Michigan-Dearborn,171137,exact,2026-09-07T12:33:21.863157+00:00,
University-of-Michigan-Flint,171146,exact,2026-09-07T12:33:21.863157+00:00,
University-of-Minnesota-Crookston,174075,exact,2026-09-07T12:33:21.863157+00:00,
University-of-Minnesota-Duluth,174233,exact,2026-09-07T12:33:21.863157+00:00,
University-of-Minnesota-Morris,174251,exact,2026-09-07T12:33:21.863157+00:00,
University-of-Minnesota-Rochester,456959,exact,2026-09-07T12:33:21.863157+00:00,
University-of-Minnesota-Twin-Cities,174066,exact,2026-09-07T12:33:21.863157+00:00,
University-of-Mississippi,176017,exact,2026-09-07T12:33:21.863157+00:00,
University-of-Mississippi-Medical-Center,,unmatched,2026-09-07T12:33:21.863157+00:00,no IPEDS row found in seed
University-of-Missouri-Columbia,178396,exact,2026-09-07T12:33:21.863157+00:00,
University-of-Missouri-Kansas-City,178402,exact,2026-09-07T12:33:21.863157+00:00,
University-of-Missouri-St-Louis,178420,exact,2026-09-07T12:33:21.863157+00:00,
University-of-Mobile,101693,exact,2026-09-07T12:33:21.863157+00:00,
University-of-Montana,180489,exact,2026-09-07T12:33:21.863157+00:00,
University-of-Montana-Western,180692,trigram_city,2026-09-07T12:33:21.863157+00:00,
University-of-Montevallo,101709,exact,2026-09-07T12:33:21.863157+00:00,
University-of-Mount-Olive,199069,exact,2026-09-07T12:33:21.863157+00:00,
University-of-Mount-Union,204185,exact,2026-09-07T12:33:21.863157+00:00,
University-of-Nebraska-Kearney,181215,trigram,2026-09-07T12:33:21.863157+00:00,
University-of-Nebraska-Lincoln,181464,exact,2026-09-07T12:33:21.863157+00:00,
University-of-Nebraska-Medical-Center,181428,exact,2026-09-07T12:33:21.863157+00:00,
University-of-Nebraska-Omaha,181394,trigram,2026-09-07T12:33:21.863157+00:00,
University-of-Nevada-Las-Vegas,182281,exact,2026-09-07T12:33:21.863157+00:00,
University-of-Nevada-Reno,182290,exact,2026-09-07T12:33:21.863157+00:00,
University-of-New-England,161457,exact,2026-09-07T12:33:21.863157+00:00,
University-of-New-Hampshire,183044,trigram_city,2026-09-07T12:33:21.863157+00:00,
University-of-New-Hampshire-at-Manchester,183071,exact,2026-09-07T12:33:21.863157+00:00,
University-of-New-Haven,129941,exact,2026-09-07T12:33:21.863157+00:00,
University-of-New-Mexico,187985,exact,2026-09-07T12:33:21.863157+00:00,
University-of-New-Orleans,159939,exact,2026-09-07T12:33:21.863157+00:00,
University-of-North-Alabama,101879,exact,2026-09-07T12:33:21.863157+00:00,
University-of-North-Carolina-School-of-the-Arts,199184,exact,2026-09-07T12:33:21.863157+00:00,
University-of-North-Carolina-at-Asheville,199111,trigram,2026-09-07T12:33:21.863157+00:00,
University-of-North-Carolina-at-Chapel-Hill,199120,exact,2026-09-07T12:33:21.863157+00:00,
University-of-North-Carolina-at-Charlotte,199139,exact,2026-09-07T12:33:21.863157+00:00,
University-of-North-Carolina-at-Greensboro,199148,exact,2026-09-07T12:33:21.863157+00:00,
University-of-North-Carolina-at-Pembroke,199281,exact,2026-09-07T12:33:21.863157+00:00,
University-of-North-Carolina-at-Wilmington,199218,trigram,2026-09-07T12:33:21.863157+00:00,
University-of-North-Dakota,200280,exact,2026-09-07T12:33:21.863157+00:00,
University-of-North-Florida,136172,exact,2026-09-07T12:33:21.863157+00:00,
University-of-North-Georgia,482680,exact,2026-09-07T12:33:21.863157+00:00,
University-of-North-Texas,227216,exact,2026-09-07T12:33:21.863157+00:00,
University-of-North-Texas-Health-Science-Center-at-Fort-Worth,228909,trigram_city,2026-09-07T12:33:21.863157+00:00,
University-of-North-Texas-at-Dallas,484905,exact,2026-09-07T12:33:21.863157+00:00,
University-of-Northern-Colorado,127741,exact,2026-09-07T12:33:21.863157+00:00,
University-of-Northern-Iowa,154095,exact,2026-09-07T12:33:21.863157+00:00,
University-of-Northwestern-Ohio,204486,exact,2026-09-07T12:33:21.863157+00:00,
University-of-Northwestern-St-Paul,174491,exact,2026-09-07T12:33:21.863157+00:00,
University-of-Notre-Dame,152080,exact,2026-09-07T12:33:21.863157+00:00,
University-of-Oklahoma,207500,trigram_city,2026-09-07T12:33:21.863157+00:00,
University-of-Oklahoma-Health-Sciences-Center,207342,exact,2026-09-07T12:33:21.863157+00:00,
University-of-Oregon,209551,exact,2026-09-07T12:33:21.863157+00:00,
University-of-Pennsylvania,215062,exact,2026-09-07T12:33:21.863157+00:00,
University-of-Phoenix,484613,trigram_city,2026-09-07T12:33:21.863157+00:00,
University-of-Phoenix-Dallas-Campus,,unmatched,2026-09-07T12:33:21.863157+00:00,multi-campus collision on unitid 224615; kept slug='Dallas-College-Richland'
University-of-Phoenix-Online-Campus,,unmatched,2026-09-07T12:33:21.863157+00:00,multi-campus collision on unitid 105428; kept slug='Chamberlain-University-Phoenix'
University-of-Pikeville,157535,exact,2026-09-07T12:33:21.863157+00:00,
University-of-Pittsburgh,215293,trigram_city,2026-09-07T12:33:21.863157+00:00,
University-of-Pittsburgh-at-Bradford,215266,trigram,2026-09-07T12:33:21.863157+00:00,
University-of-Pittsburgh-at-Greensburg,215275,trigram,2026-09-07T12:33:21.863157+00:00,
University-of-Pittsburgh-at-Johnstown,215284,trigram,2026-09-07T12:33:21.863157+00:00,
University-of-Portland,209825,exact,2026-09-07T12:33:21.863157+00:00,
University-of-Providence-Great-Falls-MT,180258,exact,2026-09-07T12:33:21.863157+00:00,
University-of-Puerto-Rico-Medical-Sciences-Campus,243203,trigram_city,2026-09-07T12:33:21.863157+00:00,
University-of-Puerto-Rico-at-Aguadilla,243106,trigram,2026-09-07T12:33:21.863157+00:00,
University-of-Puerto-Rico-at-Arecibo,243115,trigram,2026-09-07T12:33:21.863157+00:00,
University-of-Puerto-Rico-at-Bayamon,243133,trigram,2026-09-07T12:33:21.863157+00:00,
University-of-Puerto-Rico-at-Carolina,243142,trigram,2026-09-07T12:33:21.863157+00:00,
University-of-Puerto-Rico-at-Cayey,243151,exact,2026-09-07T12:33:21.863157+00:00,
University-of-Puerto-Rico-at-Humacao,243179,trigram,2026-09-07T12:33:21.863157+00:00,
University-of-Puerto-Rico-at-Mayaguez,243197,trigram,2026-09-07T12:33:21.863157+00:00,
University-of-Puerto-Rico-at-Ponce,243212,exact,2026-09-07T12:33:21.863157+00:00,
University-of-Puerto-Rico-at-Rio-Piedras,243221,trigram,2026-09-07T12:33:21.863157+00:00,
University-of-Puerto-Rico-at-Utuado,243188,trigram,2026-09-07T12:33:21.863157+00:00,
University-of-Puget-Sound,236328,exact,2026-09-07T12:33:21.863157+00:00,
University-of-Redlands,121691,exact,2026-09-07T12:33:21.863157+00:00,
University-of-Rhode-Island,217484,exact,2026-09-07T12:33:21.863157+00:00,
University-of-Richmond,233374,exact,2026-09-07T12:33:21.863157+00:00,
University-of-Rio-Grande,205203,exact,2026-09-07T12:33:21.863157+00:00,
University-of-Rochester,195030,exact,2026-09-07T12:33:21.863157+00:00,
University-of-Saint-Joseph,130314,exact,2026-09-07T12:33:21.863157+00:00,
University-of-San-Diego,122436,exact,2026-09-07T12:33:21.863157+00:00,
University-of-San-Francisco,122612,exact,2026-09-07T12:33:21.863157+00:00,
University-of-Science-and-Arts-of-Oklahoma,207722,exact,2026-09-07T12:33:21.863157+00:00,
University-of-Scranton,215929,exact,2026-09-07T12:33:21.863157+00:00,
University-of-Silicon-Valley,112394,exact,2026-09-07T12:33:21.863157+00:00,
University-of-Sioux-Falls,219383,exact,2026-09-07T12:33:21.863157+00:00,
University-of-South-Alabama,102094,exact,2026-09-07T12:33:21.863157+00:00,
University-of-South-Carolina,218663,trigram_city,2026-09-07T12:33:21.863157+00:00,
University-of-South-Carolina-Aiken,218645,exact,2026-09-07T12:33:21.863157+00:00,
University-of-South-Carolina-Beaufort,218654,exact,2026-09-07T12:33:21.863157+00:00,
University-of-South-Carolina-Upstate,218742,exact,2026-09-07T12:33:21.863157+00:00,
University-of-South-Dakota,219471,exact,2026-09-07T12:33:21.863157+00:00,
University-of-South-Florida,137351,exact,2026-09-07T12:33:21.863157+00:00,
University-of-Southern-California,123961,exact,2026-09-07T12:33:21.863157+00:00,
University-of-Southern-Indiana,151306,exact,2026-09-07T12:33:21.863157+00:00,
University-of-Southern-Maine,161554,exact,2026-09-07T12:33:21.863157+00:00,
University-of-Southern-Mississippi,176372,exact,2026-09-07T12:33:21.863157+00:00,
University-of-St-Francis-Fort-Wayne-IN,152336,manual,2026-09-07T12:33:21.863157+00:00,"University of Saint Francis-Fort Wayne, 'St.'/'Saint' variant, exact city"
University-of-St-Francis-Joliet-IL,148584,exact,2026-09-07T12:33:21.863157+00:00,
University-of-St-Mary,155812,trigram_city,2026-09-07T12:33:21.863157+00:00,
University-of-St-Thomas-Houston-TX,227863,exact,2026-09-07T12:33:21.863157+00:00,
University-of-St-Thomas-Saint-Paul-MN,174914,exact,2026-09-07T12:33:21.863157+00:00,
University-of-Tampa,,unmatched,2026-09-07T12:33:21.863157+00:00,multi-campus collision on unitid 137847; kept slug='Everglades-University-Tampa'
University-of-Tennessee-Southern,220701,trigram,2026-09-07T12:33:21.863157+00:00,
University-of-Tennessee-at-Chattanooga,221740,trigram_city,2026-09-07T12:33:21.863157+00:00,
University-of-Tennessee-at-Martin,221768,trigram_city,2026-09-07T12:33:21.863157+00:00,
University-of-Texas-Health-Science-Center-at-Houston,229300,trigram,2026-09-07T12:33:21.863157+00:00,
University-of-Texas-Medical-Branch,228653,trigram_city,2026-09-07T12:33:21.863157+00:00,
University-of-Texas-at-Arlington,228769,trigram,2026-09-07T12:33:21.863157+00:00,
University-of-Texas-at-Austin,228778,trigram,2026-09-07T12:33:21.863157+00:00,
University-of-Texas-at-Dallas,228787,trigram,2026-09-07T12:33:21.863157+00:00,
University-of-Texas-at-El-Paso,228796,trigram,2026-09-07T12:33:21.863157+00:00,
University-of-Texas-at-San-Antonio,229027,trigram,2026-09-07T12:33:21.863157+00:00,
University-of-Texas-at-Tyler,228802,trigram,2026-09-07T12:33:21.863157+00:00,
University-of-Texas-of-the-Permian-Basin,229018,trigram,2026-09-07T12:33:21.863157+00:00,
University-of-Toledo,206084,exact,2026-09-07T12:33:21.863157+00:00,
University-of-Tulsa,207971,exact,2026-09-07T12:33:21.863157+00:00,
University-of-Utah,230764,exact,2026-09-07T12:33:21.863157+00:00,
University-of-Valley-Forge,216542,exact,2026-09-07T12:33:21.863157+00:00,
University-of-Vermont,231174,exact,2026-09-07T12:33:21.863157+00:00,
University-of-Virginia,234076,trigram_city,2026-09-07T12:33:21.863157+00:00,
University-of-Virginias-College-at-Wise,233897,exact,2026-09-07T12:33:21.863157+00:00,
University-of-Washington,236948,trigram_city,2026-09-07T12:33:21.863157+00:00,
University-of-Washington-Bothell,377555,trigram_city,2026-09-07T12:33:21.863157+00:00,
University-of-Washington-Tacoma,377564,trigram_city,2026-09-07T12:33:21.863157+00:00,
University-of-West-Alabama,101587,exact,2026-09-07T12:33:21.863157+00:00,
University-of-West-Florida,138354,exact,2026-09-07T12:33:21.863157+00:00,
University-of-West-Georgia,141334,exact,2026-09-07T12:33:21.863157+00:00,
University-of-West-Los-Angeles,484862,exact,2026-09-07T12:33:21.863157+00:00,
University-of-Western-States,210438,exact,2026-09-07T12:33:21.863157+00:00,
University-of-Wisconsin-Eau-Claire,240268,exact,2026-09-07T12:33:21.863157+00:00,
University-of-Wisconsin-Green-Bay,240277,exact,2026-09-07T12:33:21.863157+00:00,
University-of-Wisconsin-La-Crosse,240329,exact,2026-09-07T12:33:21.863157+00:00,
University-of-Wisconsin-Madison,240444,exact,2026-09-07T12:33:21.863157+00:00,
University-of-Wisconsin-Milwaukee,240453,exact,2026-09-07T12:33:21.863157+00:00,
University-of-Wisconsin-Milwaukee-College-of-Nursing,,unmatched,2026-09-07T12:33:21.863157+00:00,multi-campus collision on unitid 240453; kept slug='University-of-Wisconsin-Milwaukee'
University-of-Wisconsin-Milwaukee-Flex,491288,exact,2026-09-07T12:33:21.863157+00:00,
University-of-Wisconsin-Oshkosh,240365,exact,2026-09-07T12:33:21.863157+00:00,
University-of-Wisconsin-Parkside,240374,exact,2026-09-07T12:33:21.863157+00:00,
University-of-Wisconsin-Parkside-Flex,491297,exact,2026-09-07T12:33:21.863157+00:00,
University-of-Wisconsin-Platteville,240462,exact,2026-09-07T12:33:21.863157+00:00,
University-of-Wisconsin-River-Falls,240471,exact,2026-09-07T12:33:21.863157+00:00,
University-of-Wisconsin-Stevens-Point,240480,exact,2026-09-07T12:33:21.863157+00:00,
University-of-Wisconsin-Stout,240417,exact,2026-09-07T12:33:21.863157+00:00,
University-of-Wisconsin-Superior,240426,exact,2026-09-07T12:33:21.863157+00:00,
University-of-Wisconsin-Whitewater,240189,exact,2026-09-07T12:33:21.863157+00:00,
University-of-Wyoming,240727,exact,2026-09-07T12:33:21.863157+00:00,
University-of-the-Cumberlands,156541,exact,2026-09-07T12:33:21.863157+00:00,
University-of-the-District-of-Columbia,131399,exact,2026-09-07T12:33:21.863157+00:00,
University-of-the-Incarnate-Word,225627,exact,2026-09-07T12:33:21.863157+00:00,
University-of-the-Ozarks,107558,exact,2026-09-07T12:33:21.863157+00:00,
University-of-the-Pacific,120883,exact,2026-09-07T12:33:21.863157+00:00,
University-of-the-People-Pasadena-CA,,unmatched,2026-09-07T12:33:21.863157+00:00,no IPEDS row found in seed
University-of-the-Potomac,384412,token_city,2026-09-07T12:33:21.863157+00:00,
University-of-the-Sacred-Heart,243443,manual,2026-09-07T12:33:21.863157+00:00,"Universidad del Sagrado Corazon, exact Spanish translation, alias listed on the CD row"
University-of-the-Southwest,188182,exact,2026-09-07T12:33:21.863157+00:00,
University-of-the-Virgin-Islands,243665,exact,2026-09-07T12:33:21.863157+00:00,
University-of-the-Virgin-Islands-Albert-A-Sheen,,unmatched,2026-09-07T12:33:21.863157+00:00,multi-campus collision on unitid 243665; kept slug='University-of-the-Virgin-Islands'
University-of-the-West,449870,exact,2026-09-07T12:33:21.863157+00:00,
Upper-Iowa-University,154493,exact,2026-09-07T12:33:21.863157+00:00,
Urshan-College,,unmatched,2026-09-07T12:33:21.863157+00:00,multi-campus collision on unitid 494685; kept slug='Urshan-University'
Urshan-University,494685,exact,2026-09-07T12:33:21.863157+00:00,
Ursinus-College,216524,exact,2026-09-07T12:33:21.863157+00:00,
Ursuline-College,206349,exact,2026-09-07T12:33:21.863157+00:00,
Utah-College-of-Dental-Hygiene,448239,exact,2026-09-07T12:33:21.863157+00:00,
Utah-State-University,230728,exact,2026-09-07T12:33:21.863157+00:00,
Utah-State-University-Eastern,,unmatched,2026-09-07T12:33:21.863157+00:00,multi-campus collision on unitid 230728; kept slug='Utah-State-University'
Utah-Tech-University-St-George-UT,230171,exact,2026-09-07T12:33:21.863157+00:00,
Utah-Valley-University,230737,exact,2026-09-07T12:33:21.863157+00:00,
Utica-University,197045,exact,2026-09-07T12:33:21.863157+00:00,
Valdosta-State-University,141264,exact,2026-09-07T12:33:21.863157+00:00,
Valencia-College,138187,exact,2026-09-07T12:33:21.863157+00:00,
Valley-City-State-University,200572,exact,2026-09-07T12:33:21.863157+00:00,
Valley-College-Martinsburg,377661,exact,2026-09-07T12:33:21.863157+00:00,
Valor-Christian-College,486257,exact,2026-09-07T12:33:21.863157+00:00,
Valparaiso-University,152600,exact,2026-09-07T12:33:21.863157+00:00,
VanderCook-College-of-Music,149639,exact,2026-09-07T12:33:21.863157+00:00,
Vanderbilt-University,221999,exact,2026-09-07T12:33:21.863157+00:00,
Vanguard-University-of-Southern-California,123651,exact,2026-09-07T12:33:21.863157+00:00,
Vassar-College,197133,exact,2026-09-07T12:33:21.863157+00:00,
Vaughn-College-of-Aeronautics-and-Technology,188340,exact,2026-09-07T12:33:21.863157+00:00,
Vermont-State-University,231165,exact,2026-09-07T12:33:21.863157+00:00,
Vermont-State-University-Williston,,unmatched,2026-09-07T12:33:21.863157+00:00,multi-campus collision on unitid 231165; kept slug='Vermont-State-University'
Villa-Maria-College,197142,exact,2026-09-07T12:33:21.863157+00:00,
Villanova-University,216597,exact,2026-09-07T12:33:21.863157+00:00,
Vincennes-University,152637,exact,2026-09-07T12:33:21.863157+00:00,
Virginia-Baptist-College,482228,single_city,2026-09-07T12:33:21.863157+00:00,
Virginia-Commonwealth-University,234030,exact,2026-09-07T12:33:21.863157+00:00,
Virginia-Military-Institute,234085,exact,2026-09-07T12:33:21.863157+00:00,
Virginia-Polytechnic-Institute-and-State-University,233921,exact,2026-09-07T12:33:21.863157+00:00,
Virginia-State-University,234155,exact,2026-09-07T12:33:21.863157+00:00,
Virginia-Union-University,234164,exact,2026-09-07T12:33:21.863157+00:00,
Virginia-University-of-Lynchburg,234137,exact,2026-09-07T12:33:21.863157+00:00,
Virginia-Wesleyan-University,234173,exact,2026-09-07T12:33:21.863157+00:00,
Visible-Music-College,449764,exact,2026-09-07T12:33:21.863157+00:00,
Viterbo-University,240107,exact,2026-09-07T12:33:21.863157+00:00,
Voorhees-College,218919,token_city,2026-09-07T12:33:21.863157+00:00,
Wabash-College,152673,exact,2026-09-07T12:33:21.863157+00:00,
Wade-College,226879,exact,2026-09-07T12:33:21.863157+00:00,
Wagner-College,197197,exact,2026-09-07T12:33:21.863157+00:00,
Wake-Forest-University,199847,exact,2026-09-07T12:33:21.863157+00:00,
Walden-University,125231,exact,2026-09-07T12:33:21.863157+00:00,
Waldorf-University,154518,exact,2026-09-07T12:33:21.863157+00:00,
Walla-Walla-University,236896,exact,2026-09-07T12:33:21.863157+00:00,
Walsh-College,172608,exact,2026-09-07T12:33:21.863157+00:00,
Walsh-University,206437,exact,2026-09-07T12:33:21.863157+00:00,
Warner-Pacific-University,210304,exact,2026-09-07T12:33:21.863157+00:00,
Warner-University,138275,exact,2026-09-07T12:33:21.863157+00:00,
Warren-Wilson-College,199865,exact,2026-09-07T12:33:21.863157+00:00,
Wartburg-College,154527,exact,2026-09-07T12:33:21.863157+00:00,
Washburn-University,156082,exact,2026-09-07T12:33:21.863157+00:00,
Washington-Adventist-University,162210,exact,2026-09-07T12:33:21.863157+00:00,
Washington-College,164216,exact,2026-09-07T12:33:21.863157+00:00,
Washington-Jefferson-College,216667,exact,2026-09-07T12:33:21.863157+00:00,
Washington-State-University-Everett,,unmatched,2026-09-07T12:33:21.863157+00:00,multi-campus collision on unitid 236939; kept slug='Washington-State-University-Pullman'
Washington-State-University-Global-Campus,,unmatched,2026-09-07T12:33:21.863157+00:00,multi-campus collision on unitid 236939; kept slug='Washington-State-University-Pullman'
Washington-State-University-Heath-Sciences-Spokane,,unmatched,2026-09-07T12:33:21.863157+00:00,multi-campus collision on unitid 236939; kept slug='Washington-State-University-Pullman'
Washington-State-University-Pullman,236939,trigram_city,2026-09-07T12:33:21.863157+00:00,
Washington-State-University-Tri-Cities,,unmatched,2026-09-07T12:33:21.863157+00:00,multi-campus collision on unitid 236939; kept slug='Washington-State-University-Pullman'
Washington-State-University-Vancouver,,unmatched,2026-09-07T12:33:21.863157+00:00,multi-campus collision on unitid 236939; kept slug='Washington-State-University-Pullman'
Washington-University-in-St-Louis,179867,exact,2026-09-07T12:33:21.863157+00:00,
Washington-and-Lee-University,234207,exact,2026-09-07T12:33:21.863157+00:00,
Watts-College-of-Nursing,199883,exact,2026-09-07T12:33:21.863157+00:00,
Wayland-Baptist-University,229780,exact,2026-09-07T12:33:21.863157+00:00,
Wayne-State-College,181783,exact,2026-09-07T12:33:21.863157+00:00,
Wayne-State-University,172644,exact,2026-09-07T12:33:21.863157+00:00,
Waynesburg-University,216694,exact,2026-09-07T12:33:21.863157+00:00,
Weatherford-College,229799,exact,2026-09-07T12:33:21.863157+00:00,
Webb-Institute,197221,exact,2026-09-07T12:33:21.863157+00:00,
Webber-International-University,138293,exact,2026-09-07T12:33:21.863157+00:00,
Weber-State-University,230782,exact,2026-09-07T12:33:21.863157+00:00,
Webster-University,179894,exact,2026-09-07T12:33:21.863157+00:00,
Welch-College,220206,exact,2026-09-07T12:33:21.863157+00:00,
Wellesley-College,168218,exact,2026-09-07T12:33:21.863157+00:00,
Wenatchee-Valley-College,236975,exact,2026-09-07T12:33:21.863157+00:00,
Wentworth-Institute-of-Technology,168227,exact,2026-09-07T12:33:21.863157+00:00,
Wesley-Biblical-Seminary,176451,exact,2026-09-07T12:33:21.863157+00:00,
Wesleyan-College,141325,exact,2026-09-07T12:33:21.863157+00:00,
Wesleyan-University,130697,exact,2026-09-07T12:33:21.863157+00:00,
West-Chester-University-of-Pennsylvania,216764,exact,2026-09-07T12:33:21.863157+00:00,
West-Coast-Baptist-College,,unmatched,2026-09-07T12:33:21.863157+00:00,no plausible IPEDS candidate
West-Coast-Ultrasound-Institute,,unmatched,2026-09-07T12:33:21.863157+00:00,no plausible IPEDS candidate
West-Coast-University-Dallas,477039,trigram_city,2026-09-07T12:33:21.863157+00:00,
West-Coast-University-Los-Angeles,443331,exact,2026-09-07T12:33:21.863157+00:00,
West-Coast-University-Miami,485272,exact,2026-09-07T12:33:21.863157+00:00,
West-Coast-University-Ontario,458229,exact,2026-09-07T12:33:21.863157+00:00,
West-Coast-University-Orange-County,458210,exact,2026-09-07T12:33:21.863157+00:00,
West-Liberty-University,237932,exact,2026-09-07T12:33:21.863157+00:00,
West-Los-Angeles-College,125471,exact,2026-09-07T12:33:21.863157+00:00,
West-Texas-A-M-University,229814,exact,2026-09-07T12:33:21.863157+00:00,
West-Virginia-State-University,237899,exact,2026-09-07T12:33:21.863157+00:00,
West-Virginia-University,238032,exact,2026-09-07T12:33:21.863157+00:00,
West-Virginia-University-Institute-of-Technology,237950,exact,2026-09-07T12:33:21.863157+00:00,
West-Virginia-Wesleyan-College,237969,exact,2026-09-07T12:33:21.863157+00:00,
Westcliff-University,490133,exact,2026-09-07T12:33:21.863157+00:00,
Western-Carolina-University,200004,exact,2026-09-07T12:33:21.863157+00:00,
Western-Colorado-University,128391,exact,2026-09-07T12:33:21.863157+00:00,
Western-Connecticut-State-University,130776,exact,2026-09-07T12:33:21.863157+00:00,
Western-Governors-University,433387,exact,2026-09-07T12:33:21.863157+00:00,
Western-Illinois-University,149772,exact,2026-09-07T12:33:21.863157+00:00,
Western-Kentucky-University,157951,exact,2026-09-07T12:33:21.863157+00:00,
Western-Michigan-University,172699,exact,2026-09-07T12:33:21.863157+00:00,
Western-Nevada-College,182564,exact,2026-09-07T12:33:21.863157+00:00,
Western-New-England-University,168254,exact,2026-09-07T12:33:21.863157+00:00,
Western-New-Mexico-University,188304,exact,2026-09-07T12:33:21.863157+00:00,
Western-Oregon-University,210429,exact,2026-09-07T12:33:21.863157+00:00,
Western-Technical-College-Diana-Campus,,unmatched,2026-09-07T12:33:21.863157+00:00,two identically-named El Paso IPEDS rows (224660/224679); cannot tell which is which
Western-Technical-College-El-Paso-Campus,,unmatched,2026-09-07T12:33:21.863157+00:00,two identically-named El Paso IPEDS rows (224660/224679); cannot tell which is which
Western-Washington-University,237011,exact,2026-09-07T12:33:21.863157+00:00,
Western-Wyoming-Community-College,240693,exact,2026-09-07T12:33:21.863157+00:00,
Westfield-State-University,168263,exact,2026-09-07T12:33:21.863157+00:00,
Westminster-College-Fulton,179946,trigram_city,2026-09-07T12:33:21.863157+00:00,
Westminster-College-New-Wilmington,216807,trigram_city,2026-09-07T12:33:21.863157+00:00,
Westminster-College-Salt-Lake-City,230807,token_city,2026-09-07T12:33:21.863157+00:00,
Westmont-College,125727,exact,2026-09-07T12:33:21.863157+00:00,
Whatcom-Community-College,237039,exact,2026-09-07T12:33:21.863157+00:00,
Wheaton-College,149781,exact,2026-09-07T12:33:21.863157+00:00,
Wheaton-College-Massachusetts,168281,exact,2026-09-07T12:33:21.863157+00:00,
Wheeling-University,238078,exact,2026-09-07T12:33:21.863157+00:00,
Whitman-College,237057,exact,2026-09-07T12:33:21.863157+00:00,
Whittier-College,125763,exact,2026-09-07T12:33:21.863157+00:00,
Whitworth-University,237066,exact,2026-09-07T12:33:21.863157+00:00,
Whitworth-University-Adult-Degree-Programs,475200,exact,2026-09-07T12:33:21.863157+00:00,
Wichita-State-University,156125,exact,2026-09-07T12:33:21.863157+00:00,
Widener-University,216852,exact,2026-09-07T12:33:21.863157+00:00,
Wilberforce-University,206491,exact,2026-09-07T12:33:21.863157+00:00,
Wiley-College,229887,token_city,2026-09-07T12:33:21.863157+00:00,
Wilkes-University,216931,exact,2026-09-07T12:33:21.863157+00:00,
Willamette-University,210401,exact,2026-09-07T12:33:21.863157+00:00,
William-Carey-University,176479,exact,2026-09-07T12:33:21.863157+00:00,
William-James-College,166717,exact,2026-09-07T12:33:21.863157+00:00,
William-Jewell-College,179955,exact,2026-09-07T12:33:21.863157+00:00,
William-Paterson-University,187444,trigram_city,2026-09-07T12:33:21.863157+00:00,
William-Peace-University,199272,exact,2026-09-07T12:33:21.863157+00:00,
William-Penn-University,154590,exact,2026-09-07T12:33:21.863157+00:00,
William-Woods-University,179964,exact,2026-09-07T12:33:21.863157+00:00,
Williams-Baptist-University,107877,exact,2026-09-07T12:33:21.863157+00:00,
Williams-College,168342,exact,2026-09-07T12:33:21.863157+00:00,
Williamson-College,443340,trigram_city,2026-09-07T12:33:21.863157+00:00,
Wilmington-College,206507,exact,2026-09-07T12:33:21.863157+00:00,
Wilmington-University,131113,exact,2026-09-07T12:33:21.863157+00:00,
Wilson-College,217013,exact,2026-09-07T12:33:21.863157+00:00,
Wingate-University,199962,exact,2026-09-07T12:33:21.863157+00:00,
Winona-State-University,175272,exact,2026-09-07T12:33:21.863157+00:00,
Winston-Salem-State-University,199999,exact,2026-09-07T12:33:21.863157+00:00,
Winthrop-University,218964,exact,2026-09-07T12:33:21.863157+00:00,
Wisconsin-Lutheran-College,240338,exact,2026-09-07T12:33:21.863157+00:00,
Wittenberg-University,206525,exact,2026-09-07T12:33:21.863157+00:00,
Wofford-College,218973,exact,2026-09-07T12:33:21.863157+00:00,
Womens-Institute-of-Torah-Seminary-and-College,491631,exact,2026-09-07T12:33:21.863157+00:00,
Woodbury-University,125897,exact,2026-09-07T12:33:21.863157+00:00,
Worcester-Polytechnic-Institute,168421,exact,2026-09-07T12:33:21.863157+00:00,
Worcester-State-University,168430,exact,2026-09-07T12:33:21.863157+00:00,
World-Mission-University,401223,exact,2026-09-07T12:33:21.863157+00:00,
Wright-State-University,206604,trigram_city,2026-09-07T12:33:21.863157+00:00,
Wright-State-University-Lake-Campus,206613,exact,2026-09-07T12:33:21.863157+00:00,
Xavier-University,206622,exact,2026-09-07T12:33:21.863157+00:00,
Xavier-University-of-Louisiana,160904,exact,2026-09-07T12:33:21.863157+00:00,
Yakima-Valley-Community-College,237109,trigram_city,2026-09-07T12:33:21.863157+00:00,
Yale-University,130794,exact,2026-09-07T12:33:21.863157+00:00,
Yehiva-Gedolah-of-Greater-Detroit,247773,trigram_city,2026-09-07T12:33:21.863157+00:00,
Yellowstone-Christian-College,,unmatched,2026-09-07T12:33:21.863157+00:00,no plausible IPEDS candidate
Yeshiva-Bais-Aharon,490319,exact,2026-09-07T12:33:21.863157+00:00,
Yeshiva-Beth-Moshe,217040,trigram_city,2026-09-07T12:33:21.863157+00:00,
Yeshiva-Chemdas-Hatorah,491622,exact,2026-09-07T12:33:21.863157+00:00,
Yeshiva-College-of-the-Nations-Capital,434937,trigram_city,2026-09-07T12:33:21.863157+00:00,
Yeshiva-D-Monsey-Rabbinical-College,420325,exact,2026-09-07T12:33:21.863157+00:00,
Yeshiva-Derech-Chaim,197647,exact,2026-09-07T12:33:21.863157+00:00,
Yeshiva-Gedola-Ohr-Yisrael,486017,exact,2026-09-07T12:33:21.863157+00:00,
Yeshiva-Gedola-Tiferes-Yaakov-Yitzchok,493716,exact,2026-09-07T12:33:21.863157+00:00,
Yeshiva-Gedola-Tiferes-Yerachmiel,491914,exact,2026-09-07T12:33:21.863157+00:00,
Yeshiva-Gedolah-Keren-Hatorah,491640,exact,2026-09-07T12:33:21.863157+00:00,
Yeshiva-Gedolah-Kesser-Torah,481410,exact,2026-09-07T12:33:21.863157+00:00,
Yeshiva-Gedolah-Rabbinical-College,363712,trigram,2026-09-07T12:33:21.863157+00:00,
Yeshiva-Gedolah-Shaarei-Shmuel,488350,exact,2026-09-07T12:33:21.863157+00:00,
Yeshiva-Gedolah-Tiferes-Boruch,491613,exact,2026-09-07T12:33:21.863157+00:00,
Yeshiva-Gedolah-Zichron-Leyma,476692,exact,2026-09-07T12:33:21.863157+00:00,
Yeshiva-Gedolah-of-Cliffwood,491710,exact,2026-09-07T12:33:21.863157+00:00,
Yeshiva-Gedolah-of-Woodlake-Village,493707,exact,2026-09-07T12:33:21.863157+00:00,
Yeshiva-Kollel-Tifereth-Elizer,491057,exact,2026-09-07T12:33:21.863157+00:00,
Yeshiva-Ohr-Elchonon-Chabad-West-Coast-Talmudical-Seminary,126076,exact,2026-09-07T12:33:21.863157+00:00,
Yeshiva-Ohr-Naftoli,490504,exact,2026-09-07T12:33:21.863157+00:00,
Yeshiva-Shaar-Hatorah,197692,trigram_city,2026-09-07T12:33:21.863157+00:00,
Yeshiva-Shaarei-Torah-of-Rockland,441609,exact,2026-09-07T12:33:21.863157+00:00,
Yeshiva-Sholom-Shachna,486026,exact,2026-09-07T12:33:21.863157+00:00,
Yeshiva-Toras-Chaim,451398,exact,2026-09-07T12:33:21.863157+00:00,
Yeshiva-University,197708,exact,2026-09-07T12:33:21.863157+00:00,
Yeshiva-Yesodei-HaTorah,481438,exact,2026-09-07T12:33:21.863157+00:00,
Yeshiva-Zichron-Aryeh,487746,exact,2026-09-07T12:33:21.863157+00:00,
Yeshiva-Zichron-Moshe,197744,trigram_city,2026-09-07T12:33:21.863157+00:00,
Yeshiva-and-Kolel-Bais-Medrash-Elyon,245777,token_city,2026-09-07T12:33:21.863157+00:00,
Yeshiva-of-Far-Rockaway-Derech-Ayson-Rabbinical-Seminary,190752,exact,2026-09-07T12:33:21.863157+00:00,
Yeshiva-of-Machzikai-Hadas,455257,exact,2026-09-07T12:33:21.863157+00:00,
Yeshiva-of-Nitra,197674,token_city,2026-09-07T12:33:21.863157+00:00,
Yeshiva-of-Ocean,493594,exact,2026-09-07T12:33:21.863157+00:00,
Yeshiva-of-the-Telshe-Alumni,431983,exact,2026-09-07T12:33:21.863157+00:00,
Yeshivas-Be-er-Yitzchok,451370,exact,2026-09-07T12:33:21.863157+00:00,
Yeshivas-Emek-Hatorah,491765,exact,2026-09-07T12:33:21.863157+00:00,
Yeshivas-Novominsk,405058,exact,2026-09-07T12:33:21.863157+00:00,
Yeshivat-Hechal-Shemuel,493664,exact,2026-09-07T12:33:21.863157+00:00,
Yeshivat-Mikdash-Melech,,unmatched,2026-09-07T12:33:21.863157+00:00,"small yeshiva, no plausible IPEDS candidate"
Yeshivath-Viznitz,197735,exact,2026-09-07T12:33:21.863157+00:00,
York-College-City-University-of-New-York,190691,manual,2026-09-07T12:33:21.863157+00:00,"CUNY York College, exact city (Jamaica)"
York-College-of-Pennsylvania,217059,exact,2026-09-07T12:33:21.863157+00:00,
York-University,181853,exact,2026-09-07T12:33:21.863157+00:00,
Young-Harris-College,141361,exact,2026-09-07T12:33:21.863157+00:00,
Youngstown-State-University,206695,exact,2026-09-07T12:33:21.863157+00:00,
Zane-State-College,204255,exact,2026-09-07T12:33:21.863157+00:00,
Zaytuna-College,,unmatched,2026-09-07T12:33:21.863157+00:00,no IPEDS row found in seed
